#
# There is insufficient memory for the Java Runtime Environment to continue.
# Native memory allocation (mmap) failed to map 65536 bytes. Error detail: Failed to commit metaspace.
# Possible reasons:
#   The system is out of physical RAM or swap space
#   This process is running with CompressedOops enabled, and the Java Heap may be blocking the growth of the native heap
# Possible solutions:
#   Reduce memory load on the system
#   Increase physical memory or swap space
#   Check if swap backing store is full
#   Decrease Java heap size (-Xmx/-Xms)
#   Decrease number of Java threads
#   Decrease Java thread stack sizes (-Xss)
#   Set larger code cache with -XX:ReservedCodeCacheSize=
#   JVM is running with Zero Based Compressed Oops mode in which the Java heap is
#     placed in the first 32GB address space. The Java Heap base address is the
#     maximum limit for the native heap growth. Please use -XX:HeapBaseMinAddress
#     to set the Java Heap base and to place the Java Heap above 32GB virtual address.
# This output file may be truncated or incomplete.
#
#  Out of Memory Error (virtualSpaceNode.cpp:112), pid=16804, tid=10524
#
# JRE version: OpenJDK Runtime Environment (22.0.1+8) (build 22.0.1+8-16)
# Java VM: OpenJDK 64-Bit Server VM (22.0.1+8-16, mixed mode, emulated-client, sharing, tiered, compressed oops, compressed class ptrs, g1 gc, windows-amd64)
# No core dump will be written. Minidumps are not enabled by default on client versions of Windows
#

---------------  S U M M A R Y ------------

Command Line: -XX:TieredStopAtLevel=1 -Dspring.output.ansi.enabled=always -Dcom.sun.management.jmxremote -Dspring.jmx.enabled=true -Dspring.liveBeansView.mbeanDomain -Dspring.application.admin.enabled=true -Dmanagement.endpoints.jmx.exposure.include=* -javaagent:C:\Users\savel\AppData\Local\Programs\IntelliJ IDEA Ultimate\lib\idea_rt.jar=58550:C:\Users\savel\AppData\Local\Programs\IntelliJ IDEA Ultimate\bin -Dfile.encoding=UTF-8 -Dsun.stdout.encoding=UTF-8 -Dsun.stderr.encoding=UTF-8 fhv.team11.project.ems.Application

Host: AMD Ryzen 7 4700U with Radeon Graphics         , 8 cores, 15G,  Windows 10 , 64 bit Build 19041 (10.0.19041.4842)
Time: Tue Oct 15 14:31:49 2024 W. Europe Daylight Time elapsed time: 5.972523 seconds (0d 0h 0m 5s)

---------------  T H R E A D  ---------------

Current thread (0x0000013a52d72dc0):  JavaThread "main"             [_thread_in_vm, id=10524, stack(0x0000000927d00000,0x0000000927e00000) (1024K)]

Stack: [0x0000000927d00000,0x0000000927e00000]
Native frames: (J=compiled Java code, j=interpreted, Vv=VM code, C=native code)
V  [jvm.dll+0x6e2279]  (no source info available)
V  [jvm.dll+0x874e33]  (no source info available)
V  [jvm.dll+0x87725e]  (no source info available)
V  [jvm.dll+0x877933]  (no source info available)
V  [jvm.dll+0x27fd76]  (no source info available)
V  [jvm.dll+0x870a7e]  (no source info available)
V  [jvm.dll+0x6852e5]  (no source info available)
V  [jvm.dll+0x1e3eac]  (no source info available)
V  [jvm.dll+0x1e3c7e]  (no source info available)
V  [jvm.dll+0x687c38]  (no source info available)
V  [jvm.dll+0x2250ac]  (no source info available)
V  [jvm.dll+0x685cfe]  (no source info available)
V  [jvm.dll+0x26b190]  (no source info available)
V  [jvm.dll+0x215cf7]  (no source info available)
V  [jvm.dll+0x20b4ee]  (no source info available)
V  [jvm.dll+0x5c462f]  (no source info available)
V  [jvm.dll+0x7ec076]  (no source info available)
V  [jvm.dll+0x47ca36]  (no source info available)
V  [jvm.dll+0x4828e8]  (no source info available)
C  [java.dll+0x17e4]  (no source info available)
C  0x0000013a5cd58c8c  (no source info available)

The last pc belongs to native nmethod (printed below).
Java frames: (J=compiled Java code, j=interpreted, Vv=VM code)
J 1397  java.lang.ClassLoader.defineClass1(Ljava/lang/ClassLoader;Ljava/lang/String;[BIILjava/security/ProtectionDomain;Ljava/lang/String;)Ljava/lang/Class; java.base@22.0.1 (0 bytes) @ 0x0000013a5cd58bf1 [0x0000013a5cd58b20+0x00000000000000d1]
J 1413 c1 java.lang.ClassLoader.defineClass(Ljava/lang/String;[BIILjava/security/ProtectionDomain;)Ljava/lang/Class; java.base@22.0.1 (43 bytes) @ 0x0000013a5cd60e04 [0x0000013a5cd60ce0+0x0000000000000124]
J 1398 c1 jdk.internal.loader.BuiltinClassLoader.defineClass(Ljava/lang/String;Ljdk/internal/loader/Resource;)Ljava/lang/Class; java.base@22.0.1 (121 bytes) @ 0x0000013a5cd5b124 [0x0000013a5cd5abc0+0x0000000000000564]
J 1394 c1 jdk.internal.loader.BuiltinClassLoader.findClassOnClassPathOrNull(Ljava/lang/String;)Ljava/lang/Class; java.base@22.0.1 (64 bytes) @ 0x0000013a5cd59534 [0x0000013a5cd59260+0x00000000000002d4]
J 1148 c1 jdk.internal.loader.BuiltinClassLoader.loadClassOrNull(Ljava/lang/String;Z)Ljava/lang/Class; java.base@22.0.1 (143 bytes) @ 0x0000013a5ccea6ec [0x0000013a5ccea2e0+0x000000000000040c]
J 1317 c1 jdk.internal.loader.ClassLoaders$AppClassLoader.loadClass(Ljava/lang/String;Z)Ljava/lang/Class; java.base@22.0.1 (40 bytes) @ 0x0000013a5cd3340c [0x0000013a5cd333c0+0x000000000000004c]
J 1316 c1 java.lang.ClassLoader.loadClass(Ljava/lang/String;)Ljava/lang/Class; java.base@22.0.1 (7 bytes) @ 0x0000013a5cd32cf4 [0x0000013a5cd32ca0+0x0000000000000054]
v  ~StubRoutines::call_stub 0x0000013a5c88100d
j  org.hibernate.id.factory.internal.StandardIdentifierGeneratorFactory.registerPredefinedGenerators()V+91
j  org.hibernate.id.factory.internal.StandardIdentifierGeneratorFactory.<init>(Lorg/hibernate/service/ServiceRegistry;Z)V+49
j  org.hibernate.id.factory.internal.StandardIdentifierGeneratorFactory.<init>(Lorg/hibernate/service/ServiceRegistry;)V+14
j  org.hibernate.id.factory.internal.StandardIdentifierGeneratorFactoryInitiator.initiateService(Ljava/util/Map;Lorg/hibernate/service/spi/ServiceRegistryImplementor;)Lorg/hibernate/id/factory/IdentifierGeneratorFactory;+5
j  org.hibernate.id.factory.internal.StandardIdentifierGeneratorFactoryInitiator.initiateService(Ljava/util/Map;Lorg/hibernate/service/spi/ServiceRegistryImplementor;)Lorg/hibernate/service/Service;+3
j  org.hibernate.boot.registry.internal.StandardServiceRegistryImpl.initiateService(Lorg/hibernate/service/spi/ServiceInitiator;)Lorg/hibernate/service/Service;+9
j  org.hibernate.service.internal.AbstractServiceRegistryImpl.createService(Lorg/hibernate/service/spi/ServiceBinding;)Lorg/hibernate/service/Service;+26
j  org.hibernate.service.internal.AbstractServiceRegistryImpl.initializeService(Lorg/hibernate/service/spi/ServiceBinding;)Lorg/hibernate/service/Service;+30
j  org.hibernate.service.internal.AbstractServiceRegistryImpl.getService(Ljava/lang/Class;)Lorg/hibernate/service/Service;+112
j  org.hibernate.boot.internal.MetadataBuilderImpl$MetadataBuildingOptionsImpl.<init>(Lorg/hibernate/boot/registry/StandardServiceRegistry;)V+35
j  org.hibernate.boot.internal.MetadataBuilderImpl.<init>(Lorg/hibernate/boot/MetadataSources;Lorg/hibernate/boot/registry/StandardServiceRegistry;)V+15
j  org.hibernate.boot.MetadataSources.getMetadataBuilder(Lorg/hibernate/boot/registry/StandardServiceRegistry;)Lorg/hibernate/boot/MetadataBuilder;+7
j  org.hibernate.jpa.boot.internal.EntityManagerFactoryBuilderImpl.<init>(Lorg/hibernate/jpa/boot/spi/PersistenceUnitDescriptor;Ljava/util/Map;Ljava/lang/ClassLoader;Lorg/hibernate/boot/registry/classloading/spi/ClassLoaderService;Ljava/util/function/Consumer;)V+193
j  org.hibernate.jpa.boot.internal.EntityManagerFactoryBuilderImpl.<init>(Lorg/hibernate/jpa/boot/spi/PersistenceUnitDescriptor;Ljava/util/Map;)V+6
j  org.springframework.orm.jpa.vendor.SpringHibernateJpaPersistenceProvider.createContainerEntityManagerFactory(Ljakarta/persistence/spi/PersistenceUnitInfo;Ljava/util/Map;)Ljakarta/persistence/EntityManagerFactory;+56
j  org.springframework.orm.jpa.LocalContainerEntityManagerFactoryBean.createNativeEntityManagerFactory()Ljakarta/persistence/EntityManagerFactory;+111
j  org.springframework.orm.jpa.AbstractEntityManagerFactoryBean.buildNativeEntityManagerFactory()Ljakarta/persistence/EntityManagerFactory;+1
j  org.springframework.orm.jpa.AbstractEntityManagerFactoryBean.afterPropertiesSet()V+192
j  org.springframework.orm.jpa.LocalContainerEntityManagerFactoryBean.afterPropertiesSet()V+84
j  org.springframework.beans.factory.support.AbstractAutowireCapableBeanFactory.invokeInitMethods(Ljava/lang/String;Ljava/lang/Object;Lorg/springframework/beans/factory/support/RootBeanDefinition;)V+56
j  org.springframework.beans.factory.support.AbstractAutowireCapableBeanFactory.initializeBean(Ljava/lang/String;Ljava/lang/Object;Lorg/springframework/beans/factory/support/RootBeanDefinition;)Ljava/lang/Object;+34
j  org.springframework.beans.factory.support.AbstractAutowireCapableBeanFactory.doCreateBean(Ljava/lang/String;Lorg/springframework/beans/factory/support/RootBeanDefinition;[Ljava/lang/Object;)Ljava/lang/Object;+228
j  org.springframework.beans.factory.support.AbstractAutowireCapableBeanFactory.createBean(Ljava/lang/String;Lorg/springframework/beans/factory/support/RootBeanDefinition;[Ljava/lang/Object;)Ljava/lang/Object;+153
j  org.springframework.beans.factory.support.AbstractBeanFactory.lambda$doGetBean$0(Ljava/lang/String;Lorg/springframework/beans/factory/support/RootBeanDefinition;[Ljava/lang/Object;)Ljava/lang/Object;+4
j  org.springframework.beans.factory.support.AbstractBeanFactory$$Lambda+0x0000013a01226398.getObject()Ljava/lang/Object;+16
j  org.springframework.beans.factory.support.DefaultSingletonBeanRegistry.getSingleton(Ljava/lang/String;Lorg/springframework/beans/factory/ObjectFactory;)Ljava/lang/Object;+114
J 2922 c1 org.springframework.beans.factory.support.AbstractBeanFactory.doGetBean(Ljava/lang/String;Ljava/lang/Class;[Ljava/lang/Object;Z)Ljava/lang/Object; (787 bytes) @ 0x0000013a5cfbfdec [0x0000013a5cfbf780+0x000000000000066c]
j  org.springframework.beans.factory.support.AbstractBeanFactory.getBean(Ljava/lang/String;)Ljava/lang/Object;+5
j  org.springframework.beans.factory.support.BeanDefinitionValueResolver.resolveReference(Ljava/lang/Object;Lorg/springframework/beans/factory/config/RuntimeBeanReference;)Ljava/lang/Object;+145
j  org.springframework.beans.factory.support.BeanDefinitionValueResolver.resolveValueIfNecessary(Ljava/lang/Object;Ljava/lang/Object;)Ljava/lang/Object;+15
j  org.springframework.beans.factory.support.ConstructorResolver.resolveConstructorArguments(Ljava/lang/String;Lorg/springframework/beans/factory/support/RootBeanDefinition;Lorg/springframework/beans/BeanWrapper;Lorg/springframework/beans/factory/config/ConstructorArgumentValues;Lorg/springframework/beans/factory/config/ConstructorArgumentValues;)I+182
j  org.springframework.beans.factory.support.ConstructorResolver.instantiateUsingFactoryMethod(Ljava/lang/String;Lorg/springframework/beans/factory/support/RootBeanDefinition;[Ljava/lang/Object;)Lorg/springframework/beans/BeanWrapper;+588
j  org.springframework.beans.factory.support.AbstractAutowireCapableBeanFactory.instantiateUsingFactoryMethod(Ljava/lang/String;Lorg/springframework/beans/factory/support/RootBeanDefinition;[Ljava/lang/Object;)Lorg/springframework/beans/BeanWrapper;+11
j  org.springframework.beans.factory.support.AbstractAutowireCapableBeanFactory.createBeanInstance(Ljava/lang/String;Lorg/springframework/beans/factory/support/RootBeanDefinition;[Ljava/lang/Object;)Lorg/springframework/beans/BeanWrapper;+93
j  org.springframework.beans.factory.support.AbstractAutowireCapableBeanFactory.doCreateBean(Ljava/lang/String;Lorg/springframework/beans/factory/support/RootBeanDefinition;[Ljava/lang/Object;)Ljava/lang/Object;+34
j  org.springframework.beans.factory.support.AbstractAutowireCapableBeanFactory.createBean(Ljava/lang/String;Lorg/springframework/beans/factory/support/RootBeanDefinition;[Ljava/lang/Object;)Ljava/lang/Object;+153
j  org.springframework.beans.factory.support.AbstractBeanFactory.lambda$doGetBean$0(Ljava/lang/String;Lorg/springframework/beans/factory/support/RootBeanDefinition;[Ljava/lang/Object;)Ljava/lang/Object;+4
j  org.springframework.beans.factory.support.AbstractBeanFactory$$Lambda+0x0000013a01226398.getObject()Ljava/lang/Object;+16
j  org.springframework.beans.factory.support.DefaultSingletonBeanRegistry.getSingleton(Ljava/lang/String;Lorg/springframework/beans/factory/ObjectFactory;)Ljava/lang/Object;+114
J 2922 c1 org.springframework.beans.factory.support.AbstractBeanFactory.doGetBean(Ljava/lang/String;Ljava/lang/Class;[Ljava/lang/Object;Z)Ljava/lang/Object; (787 bytes) @ 0x0000013a5cfbfdec [0x0000013a5cfbf780+0x000000000000066c]
j  org.springframework.beans.factory.support.AbstractBeanFactory.getBean(Ljava/lang/String;)Ljava/lang/Object;+5
j  org.springframework.beans.factory.support.BeanDefinitionValueResolver.resolveReference(Ljava/lang/Object;Lorg/springframework/beans/factory/config/RuntimeBeanReference;)Ljava/lang/Object;+145
j  org.springframework.beans.factory.support.BeanDefinitionValueResolver.resolveValueIfNecessary(Ljava/lang/Object;Ljava/lang/Object;)Ljava/lang/Object;+15
j  org.springframework.beans.factory.support.AbstractAutowireCapableBeanFactory.applyPropertyValues(Ljava/lang/String;Lorg/springframework/beans/factory/config/BeanDefinition;Lorg/springframework/beans/BeanWrapper;Lorg/springframework/beans/PropertyValues;)V+274
j  org.springframework.beans.factory.support.AbstractAutowireCapableBeanFactory.populateBean(Ljava/lang/String;Lorg/springframework/beans/factory/support/RootBeanDefinition;Lorg/springframework/beans/BeanWrapper;)V+351
j  org.springframework.beans.factory.support.AbstractAutowireCapableBeanFactory.doCreateBean(Ljava/lang/String;Lorg/springframework/beans/factory/support/RootBeanDefinition;[Ljava/lang/Object;)Ljava/lang/Object;+220
j  org.springframework.beans.factory.support.AbstractAutowireCapableBeanFactory.createBean(Ljava/lang/String;Lorg/springframework/beans/factory/support/RootBeanDefinition;[Ljava/lang/Object;)Ljava/lang/Object;+153
j  org.springframework.beans.factory.support.AbstractBeanFactory.lambda$doGetBean$0(Ljava/lang/String;Lorg/springframework/beans/factory/support/RootBeanDefinition;[Ljava/lang/Object;)Ljava/lang/Object;+4
j  org.springframework.beans.factory.support.AbstractBeanFactory$$Lambda+0x0000013a01226398.getObject()Ljava/lang/Object;+16
j  org.springframework.beans.factory.support.DefaultSingletonBeanRegistry.getSingleton(Ljava/lang/String;Lorg/springframework/beans/factory/ObjectFactory;)Ljava/lang/Object;+114
J 2922 c1 org.springframework.beans.factory.support.AbstractBeanFactory.doGetBean(Ljava/lang/String;Ljava/lang/Class;[Ljava/lang/Object;Z)Ljava/lang/Object; (787 bytes) @ 0x0000013a5cfbfdec [0x0000013a5cfbf780+0x000000000000066c]
j  org.springframework.beans.factory.support.AbstractBeanFactory.getBean(Ljava/lang/String;)Ljava/lang/Object;+5
j  org.springframework.beans.factory.config.DependencyDescriptor.resolveCandidate(Ljava/lang/String;Ljava/lang/Class;Lorg/springframework/beans/factory/BeanFactory;)Ljava/lang/Object;+2
j  org.springframework.beans.factory.support.DefaultListableBeanFactory.doResolveDependency(Lorg/springframework/beans/factory/config/DependencyDescriptor;Ljava/lang/String;Ljava/util/Set;Lorg/springframework/beans/TypeConverter;)Ljava/lang/Object;+473
j  org.springframework.beans.factory.support.DefaultListableBeanFactory.resolveDependency(Lorg/springframework/beans/factory/config/DependencyDescriptor;Ljava/lang/String;Ljava/util/Set;Lorg/springframework/beans/TypeConverter;)Ljava/lang/Object;+117
j  org.springframework.beans.factory.support.ConstructorResolver.resolveAutowiredArgument(Lorg/springframework/beans/factory/config/DependencyDescriptor;Ljava/lang/Class;Ljava/lang/String;Ljava/util/Set;Lorg/springframework/beans/TypeConverter;Z)Ljava/lang/Object;+53
j  org.springframework.beans.factory.support.ConstructorResolver.createArgumentArray(Ljava/lang/String;Lorg/springframework/beans/factory/support/RootBeanDefinition;Lorg/springframework/beans/factory/config/ConstructorArgumentValues;Lorg/springframework/beans/BeanWrapper;[Ljava/lang/Class;[Ljava/lang/String;Ljava/lang/reflect/Executable;ZZ)Lorg/springframework/beans/factory/support/ConstructorResolver$ArgumentsHolder;+420
j  org.springframework.beans.factory.support.ConstructorResolver.autowireConstructor(Ljava/lang/String;Lorg/springframework/beans/factory/support/RootBeanDefinition;[Ljava/lang/reflect/Constructor;[Ljava/lang/Object;)Lorg/springframework/beans/BeanWrapper;+530
j  org.springframework.beans.factory.support.AbstractAutowireCapableBeanFactory.autowireConstructor(Ljava/lang/String;Lorg/springframework/beans/factory/support/RootBeanDefinition;[Ljava/lang/reflect/Constructor;[Ljava/lang/Object;)Lorg/springframework/beans/BeanWrapper;+13
j  org.springframework.beans.factory.support.AbstractAutowireCapableBeanFactory.createBeanInstance(Ljava/lang/String;Lorg/springframework/beans/factory/support/RootBeanDefinition;[Ljava/lang/Object;)Lorg/springframework/beans/BeanWrapper;+213
j  org.springframework.beans.factory.support.AbstractAutowireCapableBeanFactory.doCreateBean(Ljava/lang/String;Lorg/springframework/beans/factory/support/RootBeanDefinition;[Ljava/lang/Object;)Ljava/lang/Object;+34
j  org.springframework.beans.factory.support.AbstractAutowireCapableBeanFactory.createBean(Ljava/lang/String;Lorg/springframework/beans/factory/support/RootBeanDefinition;[Ljava/lang/Object;)Ljava/lang/Object;+153
j  org.springframework.beans.factory.support.AbstractBeanFactory.lambda$doGetBean$0(Ljava/lang/String;Lorg/springframework/beans/factory/support/RootBeanDefinition;[Ljava/lang/Object;)Ljava/lang/Object;+4
j  org.springframework.beans.factory.support.AbstractBeanFactory$$Lambda+0x0000013a01226398.getObject()Ljava/lang/Object;+16
j  org.springframework.beans.factory.support.DefaultSingletonBeanRegistry.getSingleton(Ljava/lang/String;Lorg/springframework/beans/factory/ObjectFactory;)Ljava/lang/Object;+114
J 2922 c1 org.springframework.beans.factory.support.AbstractBeanFactory.doGetBean(Ljava/lang/String;Ljava/lang/Class;[Ljava/lang/Object;Z)Ljava/lang/Object; (787 bytes) @ 0x0000013a5cfbfdec [0x0000013a5cfbf780+0x000000000000066c]
j  org.springframework.beans.factory.support.AbstractBeanFactory.getBean(Ljava/lang/String;)Ljava/lang/Object;+5
j  org.springframework.beans.factory.config.DependencyDescriptor.resolveCandidate(Ljava/lang/String;Ljava/lang/Class;Lorg/springframework/beans/factory/BeanFactory;)Ljava/lang/Object;+2
j  org.springframework.beans.factory.support.DefaultListableBeanFactory.doResolveDependency(Lorg/springframework/beans/factory/config/DependencyDescriptor;Ljava/lang/String;Ljava/util/Set;Lorg/springframework/beans/TypeConverter;)Ljava/lang/Object;+473
j  org.springframework.beans.factory.support.DefaultListableBeanFactory.resolveDependency(Lorg/springframework/beans/factory/config/DependencyDescriptor;Ljava/lang/String;Ljava/util/Set;Lorg/springframework/beans/TypeConverter;)Ljava/lang/Object;+117
j  org.springframework.beans.factory.support.ConstructorResolver.resolveAutowiredArgument(Lorg/springframework/beans/factory/config/DependencyDescriptor;Ljava/lang/Class;Ljava/lang/String;Ljava/util/Set;Lorg/springframework/beans/TypeConverter;Z)Ljava/lang/Object;+53
j  org.springframework.beans.factory.support.ConstructorResolver.createArgumentArray(Ljava/lang/String;Lorg/springframework/beans/factory/support/RootBeanDefinition;Lorg/springframework/beans/factory/config/ConstructorArgumentValues;Lorg/springframework/beans/BeanWrapper;[Ljava/lang/Class;[Ljava/lang/String;Ljava/lang/reflect/Executable;ZZ)Lorg/springframework/beans/factory/support/ConstructorResolver$ArgumentsHolder;+420
j  org.springframework.beans.factory.support.ConstructorResolver.autowireConstructor(Ljava/lang/String;Lorg/springframework/beans/factory/support/RootBeanDefinition;[Ljava/lang/reflect/Constructor;[Ljava/lang/Object;)Lorg/springframework/beans/BeanWrapper;+530
j  org.springframework.beans.factory.support.AbstractAutowireCapableBeanFactory.autowireConstructor(Ljava/lang/String;Lorg/springframework/beans/factory/support/RootBeanDefinition;[Ljava/lang/reflect/Constructor;[Ljava/lang/Object;)Lorg/springframework/beans/BeanWrapper;+13
j  org.springframework.beans.factory.support.AbstractAutowireCapableBeanFactory.createBeanInstance(Ljava/lang/String;Lorg/springframework/beans/factory/support/RootBeanDefinition;[Ljava/lang/Object;)Lorg/springframework/beans/BeanWrapper;+213
j  org.springframework.beans.factory.support.AbstractAutowireCapableBeanFactory.doCreateBean(Ljava/lang/String;Lorg/springframework/beans/factory/support/RootBeanDefinition;[Ljava/lang/Object;)Ljava/lang/Object;+34
j  org.springframework.beans.factory.support.AbstractAutowireCapableBeanFactory.createBean(Ljava/lang/String;Lorg/springframework/beans/factory/support/RootBeanDefinition;[Ljava/lang/Object;)Ljava/lang/Object;+153
j  org.springframework.beans.factory.support.AbstractBeanFactory.lambda$doGetBean$0(Ljava/lang/String;Lorg/springframework/beans/factory/support/RootBeanDefinition;[Ljava/lang/Object;)Ljava/lang/Object;+4
j  org.springframework.beans.factory.support.AbstractBeanFactory$$Lambda+0x0000013a01226398.getObject()Ljava/lang/Object;+16
j  org.springframework.beans.factory.support.DefaultSingletonBeanRegistry.getSingleton(Ljava/lang/String;Lorg/springframework/beans/factory/ObjectFactory;)Ljava/lang/Object;+114
J 2922 c1 org.springframework.beans.factory.support.AbstractBeanFactory.doGetBean(Ljava/lang/String;Ljava/lang/Class;[Ljava/lang/Object;Z)Ljava/lang/Object; (787 bytes) @ 0x0000013a5cfbfdec [0x0000013a5cfbf780+0x000000000000066c]
J 2926 c1 org.springframework.beans.factory.support.AbstractBeanFactory.getBean(Ljava/lang/String;Ljava/lang/Class;)Ljava/lang/Object; (9 bytes) @ 0x0000013a5cfbd174 [0x0000013a5cfbd120+0x0000000000000054]
j  org.springframework.boot.web.servlet.ServletContextInitializerBeans.getOrderedBeansOfType(Lorg/springframework/beans/factory/ListableBeanFactory;Ljava/lang/Class;Lorg/springframework/boot/web/servlet/ServletContextInitializerBeans$Seen;)Ljava/util/List;+68
j  org.springframework.boot.web.servlet.ServletContextInitializerBeans.addAsRegistrationBean(Lorg/springframework/beans/factory/ListableBeanFactory;Ljava/lang/Class;Ljava/lang/Class;Lorg/springframework/boot/web/servlet/ServletContextInitializerBeans$RegistrationBeanAdapter;)V+7
j  org.springframework.boot.web.servlet.ServletContextInitializerBeans.addAsRegistrationBean(Lorg/springframework/beans/factory/ListableBeanFactory;Ljava/lang/Class;Lorg/springframework/boot/web/servlet/ServletContextInitializerBeans$RegistrationBeanAdapter;)V+5
j  org.springframework.boot.web.servlet.ServletContextInitializerBeans.addAdaptableBeans(Lorg/springframework/beans/factory/ListableBeanFactory;)V+32
j  org.springframework.boot.web.servlet.ServletContextInitializerBeans.<init>(Lorg/springframework/beans/factory/ListableBeanFactory;[Ljava/lang/Class;)V+54
j  org.springframework.boot.web.servlet.context.ServletWebServerApplicationContext.getServletContextInitializerBeans()Ljava/util/Collection;+12
j  org.springframework.boot.web.servlet.context.ServletWebServerApplicationContext.selfInitialize(Ljakarta/servlet/ServletContext;)V+19
j  org.springframework.boot.web.servlet.context.ServletWebServerApplicationContext$$Lambda+0x0000013a013ff6a8.onStartup(Ljakarta/servlet/ServletContext;)V+5
j  org.springframework.boot.web.embedded.tomcat.TomcatStarter.onStartup(Ljava/util/Set;Ljakarta/servlet/ServletContext;)V+28
j  org.apache.catalina.core.StandardContext.startInternal()V+1050
j  org.apache.catalina.util.LifecycleBase.start()V+210
j  org.apache.catalina.core.ContainerBase$StartChild.call()Ljava/lang/Void;+4
j  org.apache.catalina.core.ContainerBase$StartChild.call()Ljava/lang/Object;+1
j  java.util.concurrent.FutureTask.run()V+39 java.base@22.0.1
j  org.apache.tomcat.util.threads.InlineExecutorService.execute(Ljava/lang/Runnable;)V+38
j  java.util.concurrent.AbstractExecutorService.submit(Ljava/util/concurrent/Callable;)Ljava/util/concurrent/Future;+20 java.base@22.0.1
j  org.apache.catalina.core.ContainerBase.startInternal()V+116
j  org.apache.catalina.core.StandardHost.startInternal()V+179
j  org.apache.catalina.util.LifecycleBase.start()V+210
j  org.apache.catalina.core.ContainerBase$StartChild.call()Ljava/lang/Void;+4
j  org.apache.catalina.core.ContainerBase$StartChild.call()Ljava/lang/Object;+1
j  java.util.concurrent.FutureTask.run()V+39 java.base@22.0.1
j  org.apache.tomcat.util.threads.InlineExecutorService.execute(Ljava/lang/Runnable;)V+38
j  java.util.concurrent.AbstractExecutorService.submit(Ljava/util/concurrent/Callable;)Ljava/util/concurrent/Future;+20 java.base@22.0.1
j  org.apache.catalina.core.ContainerBase.startInternal()V+116
j  org.apache.catalina.core.StandardEngine.startInternal()V+38
j  org.apache.catalina.util.LifecycleBase.start()V+210
j  org.apache.catalina.core.StandardService.startInternal()V+57
j  org.apache.catalina.util.LifecycleBase.start()V+210
j  org.apache.catalina.core.StandardServer.startInternal()V+84
j  org.apache.catalina.util.LifecycleBase.start()V+210
j  org.apache.catalina.startup.Tomcat.start()V+9
j  org.springframework.boot.web.embedded.tomcat.TomcatWebServer.initialize()V+55
j  org.springframework.boot.web.embedded.tomcat.TomcatWebServer.<init>(Lorg/apache/catalina/startup/Tomcat;ZLorg/springframework/boot/web/server/Shutdown;)V+66
j  org.springframework.boot.web.embedded.tomcat.TomcatServletWebServerFactory.getTomcatWebServer(Lorg/apache/catalina/startup/Tomcat;)Lorg/springframework/boot/web/embedded/tomcat/TomcatWebServer;+21
j  org.springframework.boot.web.embedded.tomcat.TomcatServletWebServerFactory.getWebServer([Lorg/springframework/boot/web/servlet/ServletContextInitializer;)Lorg/springframework/boot/web/server/WebServer;+226
j  org.springframework.boot.web.servlet.context.ServletWebServerApplicationContext.createWebServer()V+67
j  org.springframework.boot.web.servlet.context.ServletWebServerApplicationContext.onRefresh()V+5
j  org.springframework.context.support.AbstractApplicationContext.refresh()V+85
j  org.springframework.boot.web.servlet.context.ServletWebServerApplicationContext.refresh()V+1
j  org.springframework.boot.SpringApplication.refresh(Lorg/springframework/context/ConfigurableApplicationContext;)V+1
j  org.springframework.boot.SpringApplication.refreshContext(Lorg/springframework/context/ConfigurableApplicationContext;)V+16
j  org.springframework.boot.SpringApplication.run([Ljava/lang/String;)Lorg/springframework/context/ConfigurableApplicationContext;+110
j  org.springframework.boot.SpringApplication.run([Ljava/lang/Class;[Ljava/lang/String;)Lorg/springframework/context/ConfigurableApplicationContext;+9
j  org.springframework.boot.SpringApplication.run(Ljava/lang/Class;[Ljava/lang/String;)Lorg/springframework/context/ConfigurableApplicationContext;+9
j  fhv.team11.project.ems.Application.main([Ljava/lang/String;)V+3
v  ~StubRoutines::call_stub 0x0000013a5c88100d

Compiled method (n/a) 6086 1397     n 0       java.lang.ClassLoader::defineClass1 (native)
 total in heap  [0x0000013a5cd58990,0x0000013a5cd58fd0] = 1600
 relocation     [0x0000013a5cd58ae8,0x0000013a5cd58b20] = 56
 main code      [0x0000013a5cd58b20,0x0000013a5cd58fcf] = 1199
 stub code      [0x0000013a5cd58fcf,0x0000013a5cd58fd0] = 1

[Constant Pool (empty)]

[MachCode]
[Entry Point]
  # {method} {0x0000013a003fd870} 'defineClass1' '(Ljava/lang/ClassLoader;Ljava/lang/String;[BIILjava/security/ProtectionDomain;Ljava/lang/String;)Ljava/lang/Class;' in 'java/lang/ClassLoader'
  # parm0:    rdx:rdx   = 'java/lang/ClassLoader'
  # parm1:    r8:r8     = 'java/lang/String'
  # parm2:    r9:r9     = '[B'
  # parm3:    rdi       = int
  # parm4:    rsi       = int
  # parm5:    rcx:rcx   = 'java/security/ProtectionDomain'
  # parm6:    [sp+0xa0]   = 'java/lang/String'  (sp of caller)
  0x0000013a5cd58b20: 448b 5208 | 49bb 0000 | 0000 3a01 | 0000 4d03 | d349 3bc2 | 0f84 0600 

  0x0000013a5cd58b38: ;   {runtime_call ic_miss_stub}
  0x0000013a5cd58b38: 0000 e941 | 5cb7 ff90 
[Verified Entry Point]
  0x0000013a5cd58b40: 8984 2400 | 80ff ff55 | 488b ec48 | 81ec 9000 | 0000 6690 | 4181 7f20 | 0300 0000 

  0x0000013a5cd58b5c: ;   {runtime_call StubRoutines (final stubs)}
  0x0000013a5cd58b5c: 7405 e87d | c1b5 ff48 | 837d 1000 | 488d 4510 | 480f 4445 | 1048 8944 | 2440 4889 | 4c24 7048 
  0x0000013a5cd58b7c: 83f9 0048 | 8d44 2470 | 480f 4444 | 2470 4889 | 4424 3848 | 8974 2430 | 4889 7c24 | 284c 894c 
  0x0000013a5cd58b9c: 2458 4983 | f900 488d | 4424 5848 | 0f44 4424 | 5848 8944 | 2420 4c89 | 4424 5049 | 83f8 004c 
  0x0000013a5cd58bbc: 8d4c 2450 | 4c0f 444c | 2450 4889 | 5424 4848 | 83fa 004c | 8d44 2448 | 4c0f 4444 

  0x0000013a5cd58bd8: ;   {oop(a 'java/lang/Class'{0x000000070a3f4698} = 'java/lang/ClassLoader')}
  0x0000013a5cd58bd8: 2448 49be | 9846 3f0a | 0700 0000 | 4c89 7424 | 784c 8d74 | 2478 498b | d6c5 f877 

  0x0000013a5cd58bf4: ;   {internal_word}
  0x0000013a5cd58bf4: 49ba f18b | d55c 3a01 | 0000 4d89 | 97a8 0300 | 0049 89a7 | a003 0000 

  0x0000013a5cd58c0c: ;   {external_word}
  0x0000013a5cd58c0c: 49ba 9c30 | 7cbe fe7f | 0000 4180 | 3a00 0f84 | 4e00 0000 | 5241 5041 

  0x0000013a5cd58c24: ;   {metadata({method} {0x0000013a003fd870} 'defineClass1' '(Ljava/lang/ClassLoader;Ljava/lang/String;[BIILjava/security/ProtectionDomain;Ljava/lang/String;)Ljava/lang/Class;' in 'java/lang/ClassLoader')}
  0x0000013a5cd58c24: 5148 ba68 | d83f 003a | 0100 0049 | 8bcf 4883 | ec20 40f6 | c40f 0f84 | 1900 0000 | 4883 ec08 
  0x0000013a5cd58c44: ;   {runtime_call}
  0x0000013a5cd58c44: 48b8 40b5 | 2cbe fe7f | 0000 ffd0 | 4883 c408 | e90c 0000 

  0x0000013a5cd58c58: ;   {runtime_call}
  0x0000013a5cd58c58: 0048 b840 | b52c befe | 7f00 00ff | d048 83c4 | 2041 5941 | 585a 498d | 8fc0 0300 | 0041 c787 
  0x0000013a5cd58c78: 5404 0000 | 0400 0000 

  0x0000013a5cd58c80: ;   {runtime_call}
  0x0000013a5cd58c80: 48b8 a416 | d7f0 fe7f | 0000 ffd0 | c5f8 7741 | c787 5404 | 0000 0500 | 0000 f083 | 4424 c000 
  0x0000013a5cd58ca0: 493b af58 | 0400 000f | 870e 0000 | 0041 83bf | 5004 0000 | 000f 842b | 0000 00c5 | f877 4889 
  0x0000013a5cd58cc0: 45f8 498b | cf4c 8be4 | 4883 ec20 | 4883 e4f0 

  0x0000013a5cd58cd0: ;   {runtime_call}
  0x0000013a5cd58cd0: 48b8 d01e | f7bd fe7f | 0000 ffd0 | 498b e44d | 33e4 488b | 45f8 41c7 | 8754 0400 | 0008 0000 
  0x0000013a5cd58cf0: 0041 83bf | d004 0000 | 020f 84a3 

  0x0000013a5cd58cfc: ;   {external_word}
  0x0000013a5cd58cfc: 0200 0049 | ba9c 307c | befe 7f00 | 0041 803a | 000f 844c | 0000 0048 

  0x0000013a5cd58d14: ;   {metadata({method} {0x0000013a003fd870} 'defineClass1' '(Ljava/lang/ClassLoader;Ljava/lang/String;[BIILjava/security/ProtectionDomain;Ljava/lang/String;)Ljava/lang/Class;' in 'java/lang/ClassLoader')}
  0x0000013a5cd58d14: 8945 f848 | ba68 d83f | 003a 0100 | 0049 8bcf | 4883 ec20 | 40f6 c40f | 0f84 1900 | 0000 4883 
  0x0000013a5cd58d34: ;   {runtime_call}
  0x0000013a5cd58d34: ec08 48b8 | 40b5 2cbe | fe7f 0000 | ffd0 4883 | c408 e90c 

  0x0000013a5cd58d48: ;   {runtime_call}
  0x0000013a5cd58d48: 0000 0048 | b840 b52c | befe 7f00 | 00ff d048 | 83c4 2048 | 8b45 f849 | c787 a003 | 0000 0000 
  0x0000013a5cd58d68: 0000 49c7 | 87a8 0300 | 0000 0000 | 00c5 f877 | 4885 c00f | 84fe 0100 | 00a8 030f | 8508 0000 
  0x0000013a5cd58d88: 0048 8b00 | e9ee 0100 | 00a8 010f | 8509 0000 | 0048 8b40 | fee9 dd01 | 0000 488b | 40ff 4180 
  0x0000013a5cd58da8: 7f38 000f | 84ce 0100 | 0048 83f8 | 000f 84c4 | 0100 0049 | 8b4f 2848 | 83f9 000f | 8414 0000 
  0x0000013a5cd58dc8: 0048 83e9 | 0849 894f | 2849 034f | 3048 8901 | e9a2 0100 | 0048 81ec | d000 0000 | 4889 0424 
  0x0000013a5cd58de8: 4889 4c24 | 0848 8954 | 2410 4889 | 7424 1848 | 897c 2420 | 4c89 4424 | 284c 894c | 2430 4c89 
  0x0000013a5cd58e08: 5424 384c | 895c 2440 | c5fb 1144 | 2450 c5fb | 114c 2458 | c5fb 1154 | 2460 c5fb | 115c 2468 
  0x0000013a5cd58e28: c5fb 1164 | 2470 c5fb | 116c 2478 | c5fb 11b4 | 2480 0000 | 00c5 fb11 | bc24 8800 | 0000 c57b 
  0x0000013a5cd58e48: ;   {no_reloc}
  0x0000013a5cd58e48: 1184 2490 | 0000 00c5 | 7b11 8c24 | 9800 0000 | c57b 1194 | 24a0 0000 | 00c5 7b11 | 9c24 a800 
  0x0000013a5cd58e68: 0000 c57b | 11a4 24b0 | 0000 00c5 | 7b11 ac24 | b800 0000 | c57b 11b4 | 24c0 0000 | 00c5 7b11 
  0x0000013a5cd58e88: bc24 c800 | 0000 498b | d748 8bc8 | 4883 ec20 | 40f6 c40f | 0f84 1900 | 0000 4883 

  0x0000013a5cd58ea4: ;   {runtime_call}
  0x0000013a5cd58ea4: ec08 48b8 | e03e eabd | fe7f 0000 | ffd0 4883 | c408 e90c 

  0x0000013a5cd58eb8: ;   {runtime_call}
  0x0000013a5cd58eb8: 0000 0048 | b8e0 3eea | bdfe 7f00 | 00ff d048 | 83c4 20c5 | 7b10 bc24 | c800 0000 | c57b 10b4 
  0x0000013a5cd58ed8: 24c0 0000 | 00c5 7b10 | ac24 b800 | 0000 c57b | 10a4 24b0 | 0000 00c5 | 7b10 9c24 | a800 0000 
  0x0000013a5cd58ef8: c57b 1094 | 24a0 0000 | 00c5 7b10 | 8c24 9800 | 0000 c57b | 1084 2490 | 0000 00c5 | fb10 bc24 
  0x0000013a5cd58f18: 8800 0000 | c5fb 10b4 | 2480 0000 | 00c5 fb10 | 6c24 78c5 | fb10 6424 | 70c5 fb10 | 5c24 68c5 
  0x0000013a5cd58f38: fb10 5424 | 60c5 fb10 | 4c24 58c5 | fb10 4424 | 504c 8b5c | 2440 4c8b | 5424 384c | 8b4c 2430 
  0x0000013a5cd58f58: 4c8b 4424 | 2848 8b7c | 2420 488b | 7424 1848 | 8b54 2410 | 488b 4c24 | 0848 8b04 | 2448 81c4 
  0x0000013a5cd58f78: d000 0000 | c5f8 7749 | 8b8f 3004 | 0000 c781 | 0001 0000 | 0000 0000 | c949 837f | 0800 0f85 
  0x0000013a5cd58f98: 0100 0000 

  0x0000013a5cd58f9c: ;   {runtime_call StubRoutines (initial stubs)}
  0x0000013a5cd58f9c: c3e9 5e7f | b2ff c5f8 | 7748 8945 | f84c 8be4 | 4883 ec20 | 4883 e4f0 

  0x0000013a5cd58fb4: ;   {runtime_call}
  0x0000013a5cd58fb4: 48b8 90ed | 2cbe fe7f | 0000 ffd0 | 498b e44d | 33e4 488b | 45f8 e930 | fdff fff4 
[/MachCode]


Compiled method (c1) 6097 1413       1       java.lang.ClassLoader::defineClass (43 bytes)
 total in heap  [0x0000013a5cd60b10,0x0000013a5cd610d8] = 1480
 relocation     [0x0000013a5cd60c68,0x0000013a5cd60cd8] = 112
 main code      [0x0000013a5cd60ce0,0x0000013a5cd60ea8] = 456
 stub code      [0x0000013a5cd60ea8,0x0000013a5cd60f20] = 120
 metadata       [0x0000013a5cd60f20,0x0000013a5cd60f50] = 48
 scopes data    [0x0000013a5cd60f50,0x0000013a5cd61008] = 184
 scopes pcs     [0x0000013a5cd61008,0x0000013a5cd610a8] = 160
 dependencies   [0x0000013a5cd610a8,0x0000013a5cd610b0] = 8
 nul chk table  [0x0000013a5cd610b0,0x0000013a5cd610d8] = 40

[Constant Pool (empty)]

[MachCode]
[Entry Point]
  # {method} {0x0000013a003fdbf0} 'defineClass' '(Ljava/lang/String;[BIILjava/security/ProtectionDomain;)Ljava/lang/Class;' in 'java/lang/ClassLoader'
  # this:     rdx:rdx   = 'java/lang/ClassLoader'
  # parm0:    r8:r8     = 'java/lang/String'
  # parm1:    r9:r9     = '[B'
  # parm2:    rdi       = int
  # parm3:    rsi       = int
  # parm4:    rcx:rcx   = 'java/security/ProtectionDomain'
  #           [sp+0xc0]  (sp of caller)
  0x0000013a5cd60ce0: 448b 5208 | 49bb 0000 | 0000 3a01 | 0000 4d03 | d34c 3bd0 

  0x0000013a5cd60cf4: ;   {runtime_call ic_miss_stub}
  0x0000013a5cd60cf4: 0f85 86da | b6ff 660f | 1f44 0000 
[Verified Entry Point]
  0x0000013a5cd60d00: 8984 2400 | 80ff ff55 | 4881 ecb0 | 0000 0090 | 4181 7f20 | 0300 0000 

  0x0000013a5cd60d18: ;   {runtime_call StubRoutines (final stubs)}
  0x0000013a5cd60d18: 7405 e8c1 | 3fb5 ff48 | 8954 2478 | 89b4 2494 | 0000 0089 | bc24 9000 | 0000 4c89 | 8c24 8800 
  0x0000013a5cd60d38: 0000 498b | d84c 8bc3 | 4c8b c948 | 8bca 488b | d148 899c | 2480 0000 | 0066 0f1f 

  0x0000013a5cd60d54: ;   {optimized virtual_call}
  0x0000013a5cd60d54: 4400 00e8 

  0x0000013a5cd60d58: ; ImmutableOopMap {[120]=Oop [128]=Oop [136]=Oop }
                      ;*invokevirtual preDefineClass {reexecute=0 rethrow=0 return_oop=0}
                      ; - java.lang.ClassLoader::defineClass@4 (line 1021)
  0x0000013a5cd60d58: 6406 0000 

  0x0000013a5cd60d5c: ;   {other}
  0x0000013a5cd60d5c: 0f1f 8400 | 4c02 0000 | 4889 8424 | 9800 0000 

  0x0000013a5cd60d6c: ; implicit exception: dispatches to 0x0000013a5cd60e52
  0x0000013a5cd60d6c: 448b 4010 | 49c1 e003 | 4d85 c00f | 850f 0000 

  0x0000013a5cd60d7c: ;   {oop(nullptr)}
  0x0000013a5cd60d7c: 0048 bb00 | 0000 0000 | 0000 00e9 | 4300 0000 

  0x0000013a5cd60d8c: ; implicit exception: dispatches to 0x0000013a5cd60e57
  0x0000013a5cd60d8c: 458b 400c | 49c1 e003 | 4d85 c00f | 850f 0000 

  0x0000013a5cd60d9c: ;   {oop(nullptr)}
  0x0000013a5cd60d9c: 0048 bb00 | 0000 0000 | 0000 00e9 | 2300 0000 

  0x0000013a5cd60dac: ; implicit exception: dispatches to 0x0000013a5cd60e5c
  0x0000013a5cd60dac: 418b 5038 | 48c1 e203 

  0x0000013a5cd60db4: ; implicit exception: dispatches to 0x0000013a5cd60e61
                      ;   {optimized virtual_call}
  0x0000013a5cd60db4: 483b 02e8 

  0x0000013a5cd60db8: ; ImmutableOopMap {[120]=Oop [128]=Oop [136]=Oop [152]=Oop }
                      ;*invokevirtual toExternalForm {reexecute=0 rethrow=0 return_oop=0}
                      ; - java.net.URL::toExternalForm@5 (line 1203)
                      ; - java.net.URL::toString@1 (line 1189)
                      ; - java.lang.ClassLoader::defineClassSourceLocation@22 (line 925)
                      ; - java.lang.ClassLoader::defineClass@12 (line 1022)
  0x0000013a5cd60db8: 44c2 fdff 

  0x0000013a5cd60dbc: ;   {other}
  0x0000013a5cd60dbc: 0f1f 8400 | ac02 0001 | 488b d848 | 8b84 2498 | 0000 008b | b424 9400 | 0000 8bbc | 2490 0000 
  0x0000013a5cd60ddc: 004c 8b8c | 2488 0000 | 004c 8b84 | 2480 0000 | 0048 8b54 | 2478 4c8b | da49 8bd3 | 488b c848 
  0x0000013a5cd60dfc: ;   {static_call}
  0x0000013a5cd60dfc: 891c 24e8 

  0x0000013a5cd60e00: ; ImmutableOopMap {[120]=Oop [152]=Oop }
                      ;*invokestatic defineClass1 {reexecute=0 rethrow=0 return_oop=0}
                      ; - java.lang.ClassLoader::defineClass@27 (line 1023)
  0x0000013a5cd60e00: 3c7d ffff 

  0x0000013a5cd60e04: ;   {other}
  0x0000013a5cd60e04: 0f1f 8400 | f402 0002 | 4c8b c04c | 8b8c 2498 | 0000 0048 | 8b54 2478 | 4889 8424 | a000 0000 
  0x0000013a5cd60e24: ;   {optimized virtual_call}
  0x0000013a5cd60e24: 6666 90e8 

  0x0000013a5cd60e28: ; ImmutableOopMap {[160]=Oop }
                      ;*invokevirtual postDefineClass {reexecute=0 rethrow=0 return_oop=0}
                      ; - java.lang.ClassLoader::defineClass@37 (line 1024)
  0x0000013a5cd60e28: 542a 0000 

  0x0000013a5cd60e2c: ;   {other}
  0x0000013a5cd60e2c: 0f1f 8400 | 1c03 0003 | 488b 8424 | a000 0000 | 4881 c4b0 | 0000 005d 

  0x0000013a5cd60e44: ;   {poll_return}
  0x0000013a5cd60e44: 493b a758 | 0400 000f | 8715 0000 

  0x0000013a5cd60e50: ;   {runtime_call throw_null_pointer_exception Runtime1 stub}
  0x0000013a5cd60e50: 00c3 e829 

  0x0000013a5cd60e54: ; ImmutableOopMap {rax=Oop [120]=Oop [128]=Oop [136]=Oop [152]=Oop }
                      ;*invokevirtual getCodeSource {reexecute=0 rethrow=0 return_oop=0}
                      ; - java.lang.ClassLoader::defineClassSourceLocation@1 (line 922)
                      ; - java.lang.ClassLoader::defineClass@12 (line 1022)
                      ;   {runtime_call throw_null_pointer_exception Runtime1 stub}
  0x0000013a5cd60e54: f7c1 ffe8 

  0x0000013a5cd60e58: ; ImmutableOopMap {rax=Oop [120]=Oop [128]=Oop [136]=Oop [152]=Oop }
                      ;*invokevirtual getLocation {reexecute=0 rethrow=0 return_oop=0}
                      ; - java.lang.ClassLoader::defineClassSourceLocation@12 (line 924)
                      ; - java.lang.ClassLoader::defineClass@12 (line 1022)
  0x0000013a5cd60e58: 24f7 c1ff 

  0x0000013a5cd60e5c: ;   {runtime_call throw_null_pointer_exception Runtime1 stub}
  0x0000013a5cd60e5c: e81f f7c1 

  0x0000013a5cd60e60: ; ImmutableOopMap {r8=Oop [120]=Oop [128]=Oop [136]=Oop [152]=Oop }
                      ;*invokevirtual toString {reexecute=0 rethrow=0 return_oop=0}
                      ; - java.lang.ClassLoader::defineClassSourceLocation@22 (line 925)
                      ; - java.lang.ClassLoader::defineClass@12 (line 1022)
                      ;   {runtime_call throw_null_pointer_exception Runtime1 stub}
  0x0000013a5cd60e60: ffe8 1af7 

  0x0000013a5cd60e64: ; ImmutableOopMap {r8=Oop rdx=Oop [120]=Oop [128]=Oop [136]=Oop [152]=Oop }
                      ;*invokevirtual toExternalForm {reexecute=0 rethrow=0 return_oop=0}
                      ; - java.net.URL::toExternalForm@5 (line 1203)
                      ; - java.net.URL::toString@1 (line 1189)
                      ; - java.lang.ClassLoader::defineClassSourceLocation@22 (line 925)
                      ; - java.lang.ClassLoader::defineClass@12 (line 1022)
                      ;   {internal_word}
  0x0000013a5cd60e64: c1ff 49ba | 440e d65c | 3a01 0000 | 4d89 9770 

  0x0000013a5cd60e74: ;   {runtime_call SafepointBlob}
  0x0000013a5cd60e74: 0400 00e9 | 8448 b7ff | 498b 8708 | 0500 0049 | c787 0805 | 0000 0000 | 0000 49c7 | 8710 0500 
  0x0000013a5cd60e94: 0000 0000 | 0048 81c4 | b000 0000 

  0x0000013a5cd60ea0: ;   {runtime_call unwind_exception Runtime1 stub}
  0x0000013a5cd60ea0: 5de9 dae7 | c1ff f4f4 
[Stub Code]
  0x0000013a5cd60ea8: ;   {no_reloc}
  0x0000013a5cd60ea8: 0f1f 4400 

  0x0000013a5cd60eac: ;   {static_stub}
  0x0000013a5cd60eac: 0048 bb00 | 0000 0000 

  0x0000013a5cd60eb4: ;   {runtime_call}
  0x0000013a5cd60eb4: 0000 00e9 | fbff ffff 

  0x0000013a5cd60ebc: ;   {static_stub}
  0x0000013a5cd60ebc: 48bb 0000 | 0000 0000 

  0x0000013a5cd60ec4: ;   {runtime_call}
  0x0000013a5cd60ec4: 0000 e9fb 

  0x0000013a5cd60ec8: ;   {static_stub}
  0x0000013a5cd60ec8: ffff ff48 | bb00 0000 | 0000 0000 

  0x0000013a5cd60ed4: ;   {runtime_call}
  0x0000013a5cd60ed4: 00e9 fbff 

  0x0000013a5cd60ed8: ;   {static_stub}
  0x0000013a5cd60ed8: ffff 48bb | 0000 0000 | 0000 0000 

  0x0000013a5cd60ee4: ;   {runtime_call}
  0x0000013a5cd60ee4: e9fb ffff 

  0x0000013a5cd60ee8: ;   {runtime_call handle_exception_from_callee Runtime1 stub}
  0x0000013a5cd60ee8: ffe8 9214 

  0x0000013a5cd60eec: ;   {external_word}
  0x0000013a5cd60eec: c2ff 48b9 | d018 54be | fe7f 0000 | 4883 e4f0 

  0x0000013a5cd60efc: ;   {runtime_call}
  0x0000013a5cd60efc: 48b8 c094 | 1bbe fe7f | 0000 ffd0 

  0x0000013a5cd60f08: ;   {section_word}
  0x0000013a5cd60f08: f449 ba09 | 0fd6 5c3a | 0100 0041 

  0x0000013a5cd60f14: ;   {runtime_call DeoptimizationBlob}
  0x0000013a5cd60f14: 52e9 863a | b7ff f4f4 | f4f4 f4f4 
[/MachCode]


Compiled method (c1) 6104 1398       1       jdk.internal.loader.BuiltinClassLoader::defineClass (121 bytes)
 total in heap  [0x0000013a5cd5a910,0x0000013a5cd5b838] = 3880
 relocation     [0x0000013a5cd5aa68,0x0000013a5cd5abb0] = 328
 main code      [0x0000013a5cd5abc0,0x0000013a5cd5b298] = 1752
 stub code      [0x0000013a5cd5b298,0x0000013a5cd5b3b8] = 288
 metadata       [0x0000013a5cd5b3b8,0x0000013a5cd5b400] = 72
 scopes data    [0x0000013a5cd5b400,0x0000013a5cd5b658] = 600
 scopes pcs     [0x0000013a5cd5b658,0x0000013a5cd5b7f8] = 416
 dependencies   [0x0000013a5cd5b7f8,0x0000013a5cd5b800] = 8
 handler table  [0x0000013a5cd5b800,0x0000013a5cd5b818] = 24
 nul chk table  [0x0000013a5cd5b818,0x0000013a5cd5b838] = 32

[Constant Pool (empty)]

[MachCode]
[Entry Point]
  # {method} {0x0000013a0005a4c8} 'defineClass' '(Ljava/lang/String;Ljdk/internal/loader/Resource;)Ljava/lang/Class;' in 'jdk/internal/loader/BuiltinClassLoader'
  # this:     rdx:rdx   = 'jdk/internal/loader/BuiltinClassLoader'
  # parm0:    r8:r8     = 'java/lang/String'
  # parm1:    r9:r9     = 'jdk/internal/loader/Resource'
  #           [sp+0x110]  (sp of caller)
  0x0000013a5cd5abc0: 448b 5208 | 49bb 0000 | 0000 3a01 | 0000 4d03 | d34c 3bd0 

  0x0000013a5cd5abd4: ;   {runtime_call ic_miss_stub}
  0x0000013a5cd5abd4: 0f85 a63b | b7ff 660f | 1f44 0000 
[Verified Entry Point]
  0x0000013a5cd5abe0: 8984 2400 | 80ff ff55 | 4881 ec00 | 0100 0090 | 4181 7f20 | 0300 0000 

  0x0000013a5cd5abf8: ;   {runtime_call StubRoutines (final stubs)}
  0x0000013a5cd5abf8: 7405 e8e1 | a0b5 ff48 | 8994 24a0 | 0000 004c | 8984 2490 | 0000 004c | 898c 2498 | 0000 0049 
  0x0000013a5cd5ac18: 8bd1 6666 | 9048 b8ff | ffff ffff 

  0x0000013a5cd5ac24: ;   {virtual_call}
  0x0000013a5cd5ac24: ffff ffe8 

  0x0000013a5cd5ac28: ; ImmutableOopMap {[144]=Oop [152]=Oop [160]=Oop }
                      ;*invokevirtual getCodeSourceURL {reexecute=0 rethrow=0 return_oop=0}
                      ; - jdk.internal.loader.BuiltinClassLoader::defineClass@1 (line 842)
  0x0000013a5cd5ac28: 1c50 c3ff 

  0x0000013a5cd5ac2c: ;   {other}
  0x0000013a5cd5ac2c: 0f1f 8400 | 1c03 0000 | 4889 8424 | a800 0000 | 4c8b 8424 | 9000 0000 

  0x0000013a5cd5ac44: ; implicit exception: dispatches to 0x0000013a5cd5b192
  0x0000013a5cd5ac44: 418b 7014 | 48c1 e603 

  0x0000013a5cd5ac4c: ; implicit exception: dispatches to 0x0000013a5cd5b197
  0x0000013a5cd5ac4c: 8b56 0c45 | 0fbe 4810 | 498b c9c1 | e118 c1f9 | 18d3 fa48 | 8bfa ffcf | 4585 c9ba | 0000 0000 
  0x0000013a5cd5ac6c: 7505 ba01 | 0000 0083 | e201 85d2 | 488b d641 | b82e 0000 | 004c 8bcf | 0f84 1700 | 0000 0f1f 
  0x0000013a5cd5ac8c: ;   {static_call}
  0x0000013a5cd5ac8c: 4400 00e8 

  0x0000013a5cd5ac90: ; ImmutableOopMap {[144]=Oop [152]=Oop [160]=Oop [168]=Oop }
                      ;*invokestatic lastIndexOf {reexecute=0 rethrow=0 return_oop=0}
                      ; - java.lang.String::lastIndexOf@13 (line 2615)
                      ; - java.lang.String::lastIndexOf@8 (line 2577)
                      ; - jdk.internal.loader.BuiltinClassLoader::defineClass@8 (line 845)
  0x0000013a5cd5ac90: ac14 d1ff 

  0x0000013a5cd5ac94: ;   {other}
  0x0000013a5cd5ac94: 0f1f 8400 | 8403 0001 | e913 0000 | 0066 0f1f 

  0x0000013a5cd5aca4: ;   {static_call}
  0x0000013a5cd5aca4: 4400 00e8 

  0x0000013a5cd5aca8: ; ImmutableOopMap {[144]=Oop [152]=Oop [160]=Oop [168]=Oop }
                      ;*invokestatic lastIndexOf {reexecute=0 rethrow=0 return_oop=0}
                      ; - java.lang.String::lastIndexOf@25 (line 2616)
                      ; - java.lang.String::lastIndexOf@8 (line 2577)
                      ; - jdk.internal.loader.BuiltinClassLoader::defineClass@8 (line 845)
  0x0000013a5cd5aca8: d443 b7ff 

  0x0000013a5cd5acac: ;   {other}
  0x0000013a5cd5acac: 0f1f 8400 | 9c03 0002 | 83f8 ff0f | 847f 0000 | 0041 b800 | 0000 004c | 8bc8 488b | 9424 9000 
  0x0000013a5cd5accc: ;   {optimized virtual_call}
  0x0000013a5cd5accc: 0000 90e8 

  0x0000013a5cd5acd0: ; ImmutableOopMap {[144]=Oop [152]=Oop [160]=Oop [168]=Oop }
                      ;*invokevirtual substring {reexecute=0 rethrow=0 return_oop=0}
                      ; - jdk.internal.loader.BuiltinClassLoader::defineClass@23 (line 847)
  0x0000013a5cd5acd0: ac1f d0ff 

  0x0000013a5cd5acd4: ;   {other}
  0x0000013a5cd5acd4: 0f1f 8400 | c403 0003 | 488b 9424 | 9800 0000 | 4889 8424 | b000 0000 | 9048 b8ff | ffff ffff 
  0x0000013a5cd5acf4: ;   {virtual_call}
  0x0000013a5cd5acf4: ffff ffe8 

  0x0000013a5cd5acf8: ; ImmutableOopMap {[144]=Oop [152]=Oop [160]=Oop [168]=Oop [176]=Oop }
                      ;*invokevirtual getManifest {reexecute=0 rethrow=0 return_oop=0}
                      ; - jdk.internal.loader.BuiltinClassLoader::defineClass@29 (line 848)
  0x0000013a5cd5acf8: 644e c3ff 

  0x0000013a5cd5acfc: ;   {other}
  0x0000013a5cd5acfc: 0f1f 8400 | ec03 0004 | 4c8b 8424 | b000 0000 | 4c8b c848 | 8bbc 24a8 | 0000 0048 | 8b94 24a0 
  0x0000013a5cd5ad1c: 0000 0066 | 0f1f 4400 | 0048 b808 | ab05 003a 

  0x0000013a5cd5ad2c: ;   {virtual_call}
  0x0000013a5cd5ad2c: 0100 00e8 

  0x0000013a5cd5ad30: ; ImmutableOopMap {[144]=Oop [152]=Oop [160]=Oop [168]=Oop }
                      ;*invokevirtual defineOrCheckPackage {reexecute=0 rethrow=0 return_oop=0}
                      ; - jdk.internal.loader.BuiltinClassLoader::defineClass@40 (line 849)
  0x0000013a5cd5ad30: ecf0 ffff 

  0x0000013a5cd5ad34: ;   {other}
  0x0000013a5cd5ad34: 0f1f 8400 | 2404 0005 | 4c8b 8c24 | 9800 0000 | 488d 9424 | e000 0000 | 4c89 4a08 | 498b 0148 
  0x0000013a5cd5ad54: 83c8 0148 | 8902 f049 | 0fb1 110f | 8412 0000 | 0048 2bc4 | 4825 07f0 | ffff 4889 | 020f 8525 
  0x0000013a5cd5ad74: 0400 0049 | ff87 5805 | 0000 418b | 510c 48c1 | e203 4885 | d20f 8551 | 0000 0049 | 8bd1 6666 
  0x0000013a5cd5ad94: 9048 b8ff | ffff ffff 

  0x0000013a5cd5ad9c: ;   {virtual_call}
  0x0000013a5cd5ad9c: ffff ffe8 

  0x0000013a5cd5ada0: ; ImmutableOopMap {[144]=Oop [152]=Oop [160]=Oop [168]=Oop [232]=Oop }
                      ;*invokevirtual getInputStream {reexecute=0 rethrow=0 return_oop=0}
                      ; - jdk.internal.loader.Resource::cachedInputStream@9 (line 77)
                      ; - jdk.internal.loader.Resource::getByteBuffer@1 (line 163)
                      ; - jdk.internal.loader.BuiltinClassLoader::defineClass@45 (line 853)
  0x0000013a5cd5ada0: cc4c c3ff 

  0x0000013a5cd5ada4: ;   {other}
  0x0000013a5cd5ada4: 0f1f 8400 | 9404 0006 | 410f be57 | 3885 d24c | 8b8c 2498 | 0000 000f | 85ee 0300 | 004c 8bd0 
  0x0000013a5cd5adc4: 49c1 ea03 | 4589 510c | 498b d148 | 33d0 48c1 | ea15 4883 | fa00 0f85 | ef03 0000 | 418b 510c 
  0x0000013a5cd5ade4: 48c1 e203 | 488d 8424 | e000 0000 | 488b 3048 | 85f6 0f84 | 0f00 0000 | 488b 7808 | f048 0fb1 
  0x0000013a5cd5ae04: 370f 85dc | 0300 0049 | ff8f 5805 | 0000 4885 | d20f 8443 

  0x0000013a5cd5ae18: ;   {metadata('sun/nio/ByteBuffered')}
  0x0000013a5cd5ae18: 0000 0048 | b818 702c | 003a 0100 | 008b 5a08 | 49ba 0000 | 0000 3a01 | 0000 4903 | da48 3b43 
  0x0000013a5cd5ae38: 200f 8424 | 0000 0048 | 3bd8 0f84 | 1b00 0000 

  0x0000013a5cd5ae48: ;   {runtime_call slow_subtype_check Runtime1 stub}
  0x0000013a5cd5ae48: 5350 e831 | 81c2 ff5b | 5b85 db0f | 8405 0000 | 00e9 0500 | 0000 4833 | f6eb 0748 | c7c6 0100 
  0x0000013a5cd5ae68: 0000 85f6 | 0f84 6f00 | 0000 4885 | d20f 8443 

  0x0000013a5cd5ae78: ;   {metadata('sun/nio/ByteBuffered')}
  0x0000013a5cd5ae78: 0000 0048 | bb18 702c | 003a 0100 | 008b 7a08 | 49ba 0000 | 0000 3a01 | 0000 4903 | fa48 3b5f 
  0x0000013a5cd5ae98: 200f 841f | 0000 0048 | 3bfb 0f84 | 1600 0000 

  0x0000013a5cd5aea8: ;   {runtime_call slow_subtype_check Runtime1 stub}
  0x0000013a5cd5aea8: 5753 e8d1 | 80c2 ff5f | 5f85 ff0f | 8444 0300 | 00e9 0000 | 0000 0f1f | 8000 0000 | 0048 b8ff 
  0x0000013a5cd5aec8: ffff ffff 

  0x0000013a5cd5aecc: ;   {virtual_call}
  0x0000013a5cd5aecc: ffff ffe8 

  0x0000013a5cd5aed0: ; ImmutableOopMap {[144]=Oop [152]=Oop [160]=Oop [168]=Oop }
                      ;*invokeinterface getByteBuffer {reexecute=0 rethrow=0 return_oop=0}
                      ; - jdk.internal.loader.Resource::getByteBuffer@16 (line 165)
                      ; - jdk.internal.loader.BuiltinClassLoader::defineClass@45 (line 853)
  0x0000013a5cd5aed0: ac3e b7ff 

  0x0000013a5cd5aed4: ;   {other}
  0x0000013a5cd5aed4: 0f1f 8400 | c405 0007 | e90a 0000 

  0x0000013a5cd5aee0: ;   {oop(nullptr)}
  0x0000013a5cd5aee0: 0048 b800 | 0000 0000 | 0000 0048 | 85c0 0f84 | 0601 0000 | 4889 8424 | b800 0000 | 488b 9424 
  0x0000013a5cd5af00: 9800 0000 | 9048 b8ff | ffff ffff 

  0x0000013a5cd5af0c: ;   {virtual_call}
  0x0000013a5cd5af0c: ffff ffe8 

  0x0000013a5cd5af10: ; ImmutableOopMap {[144]=Oop [160]=Oop [168]=Oop [184]=Oop }
                      ;*invokevirtual getCodeSigners {reexecute=0 rethrow=0 return_oop=0}
                      ; - jdk.internal.loader.BuiltinClassLoader::defineClass@56 (line 855)
  0x0000013a5cd5af10: 6c3e b7ff 

  0x0000013a5cd5af14: ;   {other}
  0x0000013a5cd5af14: 0f1f 8400 | 0406 0008 

  0x0000013a5cd5af1c: ;   {metadata('java/security/CodeSource')}
  0x0000013a5cd5af1c: 4c8b c848 | baf8 5800 | 003a 0100 | 0049 8b87 | b801 0000 | 488d 7828 | 493b bfc8 | 0100 000f 
  0x0000013a5cd5af3c: 87c5 0200 | 0049 89bf | b801 0000 | 48c7 0001 | 0000 0048 | 8bca 49ba | 0000 0000 | 3a01 0000 
  0x0000013a5cd5af5c: 492b ca89 | 4808 4833 | c989 480c | 4833 c948 | 8948 1048 | 8948 1848 | 8948 204c | 8b84 24a8 
  0x0000013a5cd5af7c: 0000 0048 | 8bd0 4889 | 8424 c000 | 0000 0f1f 

  0x0000013a5cd5af8c: ;   {optimized virtual_call}
  0x0000013a5cd5af8c: 4400 00e8 

  0x0000013a5cd5af90: ; ImmutableOopMap {[144]=Oop [160]=Oop [184]=Oop [192]=Oop }
                      ;*invokespecial <init> {reexecute=0 rethrow=0 return_oop=0}
                      ; - jdk.internal.loader.BuiltinClassLoader::defineClass@68 (line 856)
  0x0000013a5cd5af90: ec3a b7ff 

  0x0000013a5cd5af94: ;   {other}
  0x0000013a5cd5af94: 0f1f 8400 | 8406 0009 | 4c8b 8424 | c000 0000 | 488b 9424 | a000 0000 

  0x0000013a5cd5afac: ;   {optimized virtual_call}
  0x0000013a5cd5afac: 6666 90e8 

  0x0000013a5cd5afb0: ; ImmutableOopMap {[144]=Oop [160]=Oop [184]=Oop }
                      ;*invokevirtual getProtectionDomain {reexecute=0 rethrow=0 return_oop=0}
                      ; - java.security.SecureClassLoader::defineClass@5 (line 182)
                      ; - jdk.internal.loader.BuiltinClassLoader::defineClass@79 (line 857)
  0x0000013a5cd5afb0: cc3a b7ff 

  0x0000013a5cd5afb4: ;   {other}
  0x0000013a5cd5afb4: 0f1f 8400 | a406 000a | 4c8b 8424 | 9000 0000 | 4c8b 8c24 | b800 0000 | 488b f848 | 8b94 24a0 
  0x0000013a5cd5afd4: ;   {optimized virtual_call}
  0x0000013a5cd5afd4: 0000 00e8 

  0x0000013a5cd5afd8: ; ImmutableOopMap {}
                      ;*invokevirtual defineClass {reexecute=0 rethrow=0 return_oop=0}
                      ; - java.security.SecureClassLoader::defineClass@8 (line 182)
                      ; - jdk.internal.loader.BuiltinClassLoader::defineClass@79 (line 857)
  0x0000013a5cd5afd8: a43a b7ff 

  0x0000013a5cd5afdc: ;   {other}
  0x0000013a5cd5afdc: 0f1f 8400 | cc06 000b | 4881 c400 | 0100 005d 

  0x0000013a5cd5afec: ;   {poll_return}
  0x0000013a5cd5afec: 493b a758 | 0400 000f | 871a 0200 | 00c3 4c8b | 8c24 9800 | 0000 498b | d148 b8ff | ffff ffff 
  0x0000013a5cd5b00c: ;   {virtual_call}
  0x0000013a5cd5b00c: ffff ffe8 

  0x0000013a5cd5b010: ; ImmutableOopMap {[144]=Oop [152]=Oop [160]=Oop [168]=Oop }
                      ;*invokevirtual getBytes {reexecute=0 rethrow=0 return_oop=0}
                      ; - jdk.internal.loader.BuiltinClassLoader::defineClass@84 (line 859)
  0x0000013a5cd5b010: bc4a c3ff 

  0x0000013a5cd5b014: ;   {other}
  0x0000013a5cd5b014: 0f1f 8400 | 0407 000c | 4889 8424 | c800 0000 | 488b 9424 | 9800 0000 | 9048 b8ff | ffff ffff 
  0x0000013a5cd5b034: ;   {virtual_call}
  0x0000013a5cd5b034: ffff ffe8 

  0x0000013a5cd5b038: ; ImmutableOopMap {[144]=Oop [160]=Oop [168]=Oop [200]=Oop }
                      ;*invokevirtual getCodeSigners {reexecute=0 rethrow=0 return_oop=0}
                      ; - jdk.internal.loader.BuiltinClassLoader::defineClass@90 (line 860)
  0x0000013a5cd5b038: c44a c3ff 

  0x0000013a5cd5b03c: ;   {other}
  0x0000013a5cd5b03c: 0f1f 8400 | 2c07 000d 

  0x0000013a5cd5b044: ;   {metadata('java/security/CodeSource')}
  0x0000013a5cd5b044: 4c8b c848 | baf8 5800 | 003a 0100 | 0049 8b87 | b801 0000 | 488d 7828 | 493b bfc8 | 0100 000f 
  0x0000013a5cd5b064: 87c0 0100 | 0049 89bf | b801 0000 | 48c7 0001 | 0000 0048 | 8bca 49ba | 0000 0000 | 3a01 0000 
  0x0000013a5cd5b084: 492b ca89 | 4808 4833 | c989 480c | 4833 c948 | 8948 1048 | 8948 1848 | 8948 204c | 8b84 24a8 
  0x0000013a5cd5b0a4: 0000 0048 | 8bd0 4889 | 8424 d000 | 0000 0f1f 

  0x0000013a5cd5b0b4: ;   {optimized virtual_call}
  0x0000013a5cd5b0b4: 4400 00e8 

  0x0000013a5cd5b0b8: ; ImmutableOopMap {[144]=Oop [160]=Oop [200]=Oop [208]=Oop }
                      ;*invokespecial <init> {reexecute=0 rethrow=0 return_oop=0}
                      ; - jdk.internal.loader.BuiltinClassLoader::defineClass@102 (line 861)
  0x0000013a5cd5b0b8: c429 0000 

  0x0000013a5cd5b0bc: ;   {other}
  0x0000013a5cd5b0bc: 0f1f 8400 | ac07 000e | 488b 8424 | c800 0000 

  0x0000013a5cd5b0cc: ; implicit exception: dispatches to 0x0000013a5cd5b236
  0x0000013a5cd5b0cc: 8b70 0c4c | 8b84 24d0 | 0000 0048 | 8b94 24a0 | 0000 0089 | b424 d800 

  0x0000013a5cd5b0e4: ;   {optimized virtual_call}
  0x0000013a5cd5b0e4: 0000 90e8 

  0x0000013a5cd5b0e8: ; ImmutableOopMap {[144]=Oop [160]=Oop [200]=Oop }
                      ;*invokevirtual getProtectionDomain {reexecute=0 rethrow=0 return_oop=0}
                      ; - java.security.SecureClassLoader::defineClass@9 (line 150)
                      ; - jdk.internal.loader.BuiltinClassLoader::defineClass@117 (line 862)
  0x0000013a5cd5b0e8: 744f 0000 

  0x0000013a5cd5b0ec: ;   {other}
  0x0000013a5cd5b0ec: 0f1f 8400 | dc07 000f | 4c8b 8424 | 9000 0000 | 4c8b 8c24 | c800 0000 | bf00 0000 | 008b b424 
  0x0000013a5cd5b10c: d800 0000 | 488b c848 | 8b94 24a0 | 0000 000f 

  0x0000013a5cd5b11c: ;   {optimized virtual_call}
  0x0000013a5cd5b11c: 1f40 00e8 

  0x0000013a5cd5b120: ; ImmutableOopMap {}
                      ;*invokevirtual defineClass {reexecute=0 rethrow=0 return_oop=0}
                      ; - java.security.SecureClassLoader::defineClass@12 (line 150)
                      ; - jdk.internal.loader.BuiltinClassLoader::defineClass@117 (line 862)
  0x0000013a5cd5b120: dc5b 0000 

  0x0000013a5cd5b124: ;   {other}
  0x0000013a5cd5b124: 0f1f 8400 | 1408 0010 | 4881 c400 | 0100 005d 

  0x0000013a5cd5b134: ;   {poll_return}
  0x0000013a5cd5b134: 493b a758 | 0400 000f | 87fa 0000 | 00c3 498b | 8708 0500 | 004d 33d2 | 4d89 9708 | 0500 004d 
  0x0000013a5cd5b154: 33d2 4d89 | 9710 0500 | 0048 8bf0 | 488d 8424 | e000 0000 | 488b 3848 | 85ff 0f84 | 0f00 0000 
  0x0000013a5cd5b174: 488b 5808 | f048 0fb1 | 3b0f 85ce | 0000 0049 | ff8f 5805 | 0000 488b | c6e9 f200 

  0x0000013a5cd5b190: ;   {runtime_call throw_null_pointer_exception Runtime1 stub}
  0x0000013a5cd5b190: 0000 e8e9 

  0x0000013a5cd5b194: ; ImmutableOopMap {rax=Oop r8=Oop [144]=Oop [152]=Oop [160]=Oop [168]=Oop }
                      ;*invokevirtual lastIndexOf {reexecute=0 rethrow=0 return_oop=0}
                      ; - jdk.internal.loader.BuiltinClassLoader::defineClass@8 (line 845)
                      ;   {runtime_call throw_null_pointer_exception Runtime1 stub}
  0x0000013a5cd5b194: 53c2 ffe8 

  0x0000013a5cd5b198: ; ImmutableOopMap {rax=Oop r8=Oop rsi=Oop [144]=Oop [152]=Oop [160]=Oop [168]=Oop }
                      ;*arraylength {reexecute=0 rethrow=0 return_oop=0}
                      ; - java.lang.String::length@4 (line 1546)
                      ; - java.lang.String::lastIndexOf@3 (line 2577)
                      ; - jdk.internal.loader.BuiltinClassLoader::defineClass@8 (line 845)
  0x0000013a5cd5b198: e453 c2ff | 4c89 4c24 | 0848 8914 

  0x0000013a5cd5b1a4: ;   {runtime_call monitorenter_nofpu Runtime1 stub}
  0x0000013a5cd5b1a4: 24e8 d683 

  0x0000013a5cd5b1a8: ; ImmutableOopMap {r9=Oop [144]=Oop [152]=Oop [160]=Oop [168]=Oop [232]=Oop }
                      ;*synchronization entry
                      ; - jdk.internal.loader.Resource::cachedInputStream@-1 (line 76)
                      ; - jdk.internal.loader.Resource::getByteBuffer@1 (line 163)
                      ; - jdk.internal.loader.BuiltinClassLoader::defineClass@45 (line 853)
  0x0000013a5cd5b1a8: c2ff e9cf | fbff ff41 | 8b51 0c48 | c1e2 0348 | 83fa 000f | 8400 fcff | ff48 8914 

  0x0000013a5cd5b1c4: ;   {runtime_call g1_pre_barrier_slow}
  0x0000013a5cd5b1c4: 24e8 b6aa | c2ff e9f2 | fbff ff48 | 83f8 000f | 8407 fcff | ff4c 890c 

  0x0000013a5cd5b1dc: ;   {runtime_call g1_post_barrier_slow}
  0x0000013a5cd5b1dc: 24e8 9ead | c2ff e9f9 | fbff ff48 | 8d84 24e0 | 0000 0048 

  0x0000013a5cd5b1f0: ;   {runtime_call monitorexit_nofpu Runtime1 stub}
  0x0000013a5cd5b1f0: 8904 24e8 | 8889 c2ff | e915 fcff | ff48 8914 

  0x0000013a5cd5b200: ;   {runtime_call throw_class_cast_exception Runtime1 stub}
  0x0000013a5cd5b200: 24e8 7a77 

  0x0000013a5cd5b204: ; ImmutableOopMap {[144]=Oop [152]=Oop [160]=Oop [168]=Oop }
                      ;*checkcast {reexecute=0 rethrow=0 return_oop=0}
                      ; - jdk.internal.loader.Resource::getByteBuffer@13 (line 165)
                      ; - jdk.internal.loader.BuiltinClassLoader::defineClass@45 (line 853)
  0x0000013a5cd5b204: c2ff 488b 

  0x0000013a5cd5b208: ;   {runtime_call fast_new_instance Runtime1 stub}
  0x0000013a5cd5b208: d2e8 725c 

  0x0000013a5cd5b20c: ; ImmutableOopMap {r9=Oop [144]=Oop [160]=Oop [168]=Oop [184]=Oop }
                      ;*new {reexecute=0 rethrow=0 return_oop=0}
                      ; - jdk.internal.loader.BuiltinClassLoader::defineClass@61 (line 856)
  0x0000013a5cd5b20c: c2ff e964 

  0x0000013a5cd5b210: ;   {internal_word}
  0x0000013a5cd5b210: fdff ff49 | baec afd5 | 5c3a 0100 | 004d 8997 | 7004 0000 

  0x0000013a5cd5b224: ;   {runtime_call SafepointBlob}
  0x0000013a5cd5b224: e9d7 a4b7 | ff48 8bd2 

  0x0000013a5cd5b22c: ;   {runtime_call fast_new_instance Runtime1 stub}
  0x0000013a5cd5b22c: e84f 5cc2 

  0x0000013a5cd5b230: ; ImmutableOopMap {r9=Oop [144]=Oop [160]=Oop [168]=Oop [200]=Oop }
                      ;*new {reexecute=0 rethrow=0 return_oop=0}
                      ; - jdk.internal.loader.BuiltinClassLoader::defineClass@95 (line 861)
  0x0000013a5cd5b230: ffe9 69fe 

  0x0000013a5cd5b234: ;   {runtime_call throw_null_pointer_exception Runtime1 stub}
  0x0000013a5cd5b234: ffff e845 

  0x0000013a5cd5b238: ; ImmutableOopMap {rax=Oop [144]=Oop [160]=Oop [200]=Oop [208]=Oop }
                      ;*arraylength {reexecute=0 rethrow=0 return_oop=0}
                      ; - jdk.internal.loader.BuiltinClassLoader::defineClass@114 (line 862)
                      ;   {internal_word}
  0x0000013a5cd5b238: 53c2 ff49 | ba34 b1d5 | 5c3a 0100 | 004d 8997 | 7004 0000 

  0x0000013a5cd5b24c: ;   {runtime_call SafepointBlob}
  0x0000013a5cd5b24c: e9af a4b7 | ff48 8d84 | 24e0 0000 | 0048 8904 

  0x0000013a5cd5b25c: ;   {runtime_call monitorexit_nofpu Runtime1 stub}
  0x0000013a5cd5b25c: 24e8 1e89 | c2ff e923 | ffff ff49 | 8b87 0805 | 0000 49c7 | 8708 0500 | 0000 0000 | 0049 c787 
  0x0000013a5cd5b27c: 1005 0000 | 0000 0000 | 4881 c400 | 0100 005d 

  0x0000013a5cd5b28c: ;   {runtime_call unwind_exception Runtime1 stub}
  0x0000013a5cd5b28c: e9ef 43c2 | fff4 f4f4 | f4f4 f4f4 
[Stub Code]
  0x0000013a5cd5b298: ;   {no_reloc}
  0x0000013a5cd5b298: 0f1f 4400 

  0x0000013a5cd5b29c: ;   {static_stub}
  0x0000013a5cd5b29c: 0048 bb00 | 0000 0000 

  0x0000013a5cd5b2a4: ;   {runtime_call}
  0x0000013a5cd5b2a4: 0000 00e9 | fbff ffff 

  0x0000013a5cd5b2ac: ;   {static_stub}
  0x0000013a5cd5b2ac: 9048 bb00 | 0000 0000 

  0x0000013a5cd5b2b4: ;   {runtime_call}
  0x0000013a5cd5b2b4: 0000 00e9 | fbff ffff 

  0x0000013a5cd5b2bc: ;   {static_stub}
  0x0000013a5cd5b2bc: 9048 bb00 | 0000 0000 

  0x0000013a5cd5b2c4: ;   {runtime_call}
  0x0000013a5cd5b2c4: 0000 00e9 | fbff ffff 

  0x0000013a5cd5b2cc: ;   {static_stub}
  0x0000013a5cd5b2cc: 9048 bb00 | 0000 0000 

  0x0000013a5cd5b2d4: ;   {runtime_call}
  0x0000013a5cd5b2d4: 0000 00e9 | fbff ffff 

  0x0000013a5cd5b2dc: ;   {static_stub}
  0x0000013a5cd5b2dc: 9048 bb00 | 0000 0000 

  0x0000013a5cd5b2e4: ;   {runtime_call}
  0x0000013a5cd5b2e4: 0000 00e9 | fbff ffff 

  0x0000013a5cd5b2ec: ;   {static_stub}
  0x0000013a5cd5b2ec: 9048 bb00 | 0000 0000 

  0x0000013a5cd5b2f4: ;   {runtime_call}
  0x0000013a5cd5b2f4: 0000 00e9 | fbff ffff 

  0x0000013a5cd5b2fc: ;   {static_stub}
  0x0000013a5cd5b2fc: 9048 bb00 | 0000 0000 

  0x0000013a5cd5b304: ;   {runtime_call}
  0x0000013a5cd5b304: 0000 00e9 | fbff ffff 

  0x0000013a5cd5b30c: ;   {static_stub}
  0x0000013a5cd5b30c: 9048 bb00 | 0000 0000 

  0x0000013a5cd5b314: ;   {runtime_call}
  0x0000013a5cd5b314: 0000 00e9 | fbff ffff 

  0x0000013a5cd5b31c: ;   {static_stub}
  0x0000013a5cd5b31c: 48bb 0000 | 0000 0000 

  0x0000013a5cd5b324: ;   {runtime_call}
  0x0000013a5cd5b324: 0000 e9fb 

  0x0000013a5cd5b328: ;   {static_stub}
  0x0000013a5cd5b328: ffff ff48 | bb00 0000 | 0000 0000 

  0x0000013a5cd5b334: ;   {runtime_call}
  0x0000013a5cd5b334: 00e9 fbff 

  0x0000013a5cd5b338: ;   {static_stub}
  0x0000013a5cd5b338: ffff 48bb | 0000 0000 | 0000 0000 

  0x0000013a5cd5b344: ;   {runtime_call}
  0x0000013a5cd5b344: e9fb ffff 

  0x0000013a5cd5b348: ;   {static_stub}
  0x0000013a5cd5b348: ff48 bb00 | 0000 0000 

  0x0000013a5cd5b350: ;   {runtime_call}
  0x0000013a5cd5b350: 0000 00e9 | fbff ffff 

  0x0000013a5cd5b358: ;   {static_stub}
  0x0000013a5cd5b358: 48bb 0000 | 0000 0000 

  0x0000013a5cd5b360: ;   {runtime_call}
  0x0000013a5cd5b360: 0000 e9fb 

  0x0000013a5cd5b364: ;   {static_stub}
  0x0000013a5cd5b364: ffff ff48 | bb00 0000 | 0000 0000 

  0x0000013a5cd5b370: ;   {runtime_call}
  0x0000013a5cd5b370: 00e9 fbff 

  0x0000013a5cd5b374: ;   {static_stub}
  0x0000013a5cd5b374: ffff 48bb | 0000 0000 | 0000 0000 

  0x0000013a5cd5b380: ;   {runtime_call}
  0x0000013a5cd5b380: e9fb ffff 

  0x0000013a5cd5b384: ;   {runtime_call handle_exception_from_callee Runtime1 stub}
  0x0000013a5cd5b384: ffe8 f66f 

  0x0000013a5cd5b388: ;   {external_word}
  0x0000013a5cd5b388: c2ff 48b9 | d018 54be | fe7f 0000 | 4883 e4f0 

  0x0000013a5cd5b398: ;   {runtime_call}
  0x0000013a5cd5b398: 48b8 c094 | 1bbe fe7f | 0000 ffd0 

  0x0000013a5cd5b3a4: ;   {section_word}
  0x0000013a5cd5b3a4: f449 baa5 | b3d5 5c3a | 0100 0041 

  0x0000013a5cd5b3b0: ;   {runtime_call DeoptimizationBlob}
  0x0000013a5cd5b3b0: 52e9 ea95 | b7ff f4f4 
[/MachCode]


---------------  P R O C E S S  ---------------

Threads class SMR info:
_java_thread_list=0x0000013a452d7aa0, length=17, elements={
0x0000013a52d72dc0, 0x0000013a678f8560, 0x0000013a678f9290, 0x0000013a678fe3e0,
0x0000013a678fffb0, 0x0000013a67900a10, 0x0000013a67901470, 0x0000013a67901ed0,
0x0000013a678c4870, 0x0000013a451d3e80, 0x0000013a4550be80, 0x0000013a4550c4f0,
0x0000013a45706830, 0x0000013a45709990, 0x0000013a45856580, 0x0000013a462fe870,
0x0000013a463b4370
}
_to_delete_list=0x0000013a46808790, length=18, elements={
0x0000013a52d72dc0, 0x0000013a678f8560, 0x0000013a678f9290, 0x0000013a678fe3e0,
0x0000013a678fffb0, 0x0000013a67900a10, 0x0000013a67901470, 0x0000013a67901ed0,
0x0000013a678c4870, 0x0000013a451d3e80, 0x0000013a4550be80, 0x0000013a4550c4f0,
0x0000013a45706830, 0x0000013a45709990, 0x0000013a45856580, 0x0000013a462fe870,
0x0000013a463b4370, 0x0000013a4703cad0
}

Java Threads: ( => current thread )
=>0x0000013a52d72dc0 JavaThread "main"                              [_thread_in_vm, id=10524, stack(0x0000000927d00000,0x0000000927e00000) (1024K)]
  0x0000013a678f8560 JavaThread "Reference Handler"          daemon [_thread_blocked, id=17024, stack(0x0000000928500000,0x0000000928600000) (1024K)]
  0x0000013a678f9290 JavaThread "Finalizer"                  daemon [_thread_blocked, id=9932, stack(0x0000000928600000,0x0000000928700000) (1024K)]
  0x0000013a678fe3e0 JavaThread "Signal Dispatcher"          daemon [_thread_blocked, id=14092, stack(0x0000000928700000,0x0000000928800000) (1024K)]
  0x0000013a678fffb0 JavaThread "Attach Listener"            daemon [_thread_blocked, id=13588, stack(0x0000000928800000,0x0000000928900000) (1024K)]
  0x0000013a67900a10 JavaThread "Service Thread"             daemon [_thread_blocked, id=19364, stack(0x0000000928900000,0x0000000928a00000) (1024K)]
  0x0000013a67901470 JavaThread "Monitor Deflation Thread"   daemon [_thread_blocked, id=14368, stack(0x0000000928a00000,0x0000000928b00000) (1024K)]
  0x0000013a67901ed0 JavaThread "C1 CompilerThread0"         daemon [_thread_blocked, id=14208, stack(0x0000000928b00000,0x0000000928c00000) (1024K)]
  0x0000013a678c4870 JavaThread "Common-Cleaner"             daemon [_thread_blocked, id=14720, stack(0x0000000928c00000,0x0000000928d00000) (1024K)]
  0x0000013a451d3e80 JavaThread "C1 CompilerThread1"         daemon [_thread_blocked, id=17060, stack(0x0000000928d00000,0x0000000928e00000) (1024K)]
  0x0000013a4550be80 JavaThread "Monitor Ctrl-Break"         daemon [_thread_in_native, id=7888, stack(0x0000000928e00000,0x0000000928f00000) (1024K)]
  0x0000013a4550c4f0 JavaThread "Notification Thread"        daemon [_thread_blocked, id=7892, stack(0x0000000928f00000,0x0000000929000000) (1024K)]
  0x0000013a45706830 JavaThread "C1 CompilerThread2"         daemon [_thread_blocked, id=23056, stack(0x0000000929000000,0x0000000929100000) (1024K)]
  0x0000013a45709990 JavaThread "C1 CompilerThread3"         daemon [_thread_blocked, id=16244, stack(0x0000000929100000,0x0000000929200000) (1024K)]
  0x0000013a45856580 JavaThread "RMI TCP Accept-0"           daemon [_thread_in_native, id=19936, stack(0x0000000929200000,0x0000000929300000) (1024K)]
  0x0000013a462fe870 JavaThread "RMI TCP Connection(1)-172.21.114.28" daemon [_thread_in_native, id=19908, stack(0x0000000929900000,0x0000000929a00000) (1024K)]
  0x0000013a463b4370 JavaThread "RMI Scheduler(0)"           daemon [_thread_blocked, id=15368, stack(0x0000000929b00000,0x0000000929c00000) (1024K)]
Total: 17

Other Threads:
  0x0000013a678d9f30 VMThread "VM Thread"                           [id=25456, stack(0x0000000928400000,0x0000000928500000) (1024K)]
  0x0000013a678c3a60 WatcherThread "VM Periodic Task Thread"        [id=15048, stack(0x0000000928300000,0x0000000928400000) (1024K)]
  0x0000013a52dd7130 WorkerThread "GC Thread#0"                     [id=1612, stack(0x0000000927e00000,0x0000000927f00000) (1024K)]
  0x0000013a459a7b20 WorkerThread "GC Thread#1"                     [id=22356, stack(0x0000000929300000,0x0000000929400000) (1024K)]
  0x0000013a459a7ed0 WorkerThread "GC Thread#2"                     [id=24172, stack(0x0000000929400000,0x0000000929500000) (1024K)]
  0x0000013a459a8280 WorkerThread "GC Thread#3"                     [id=3836, stack(0x0000000929500000,0x0000000929600000) (1024K)]
  0x0000013a45b6a6a0 WorkerThread "GC Thread#4"                     [id=23644, stack(0x0000000929600000,0x0000000929700000) (1024K)]
  0x0000013a45ba2db0 WorkerThread "GC Thread#5"                     [id=17116, stack(0x0000000929700000,0x0000000929800000) (1024K)]
  0x0000013a45ba3160 WorkerThread "GC Thread#6"                     [id=32, stack(0x0000000929800000,0x0000000929900000) (1024K)]
  0x0000013a4657fac0 WorkerThread "GC Thread#7"                     [id=21972, stack(0x0000000929c00000,0x0000000929d00000) (1024K)]
  0x0000013a52de7e40 ConcurrentGCThread "G1 Main Marker"            [id=22964, stack(0x0000000927f00000,0x0000000928000000) (1024K)]
  0x0000013a52de8860 WorkerThread "G1 Conc#0"                       [id=3120, stack(0x0000000928000000,0x0000000928100000) (1024K)]
  0x0000013a468c8680 WorkerThread "G1 Conc#1"                       [id=12084, stack(0x0000000929a00000,0x0000000929b00000) (1024K)]
  0x0000013a52e2dff0 ConcurrentGCThread "G1 Refine#0"               [id=19876, stack(0x0000000928100000,0x0000000928200000) (1024K)]
  0x0000013a52e2e980 ConcurrentGCThread "G1 Service"                [id=3196, stack(0x0000000928200000,0x0000000928300000) (1024K)]
Total: 15

Threads with active compile tasks:
C1 CompilerThread3  6133 4275       1       java.io.ObjectInputStream::readUTF (8 bytes)
Total: 1

VM state: not at safepoint (normal execution)

VM Mutex/Monitor currently owned by a thread:  ([mutex/lock_event])
[0x00007ffebe7e9b38] Metaspace_lock - owner thread: 0x0000013a52d72dc0

Heap address: 0x000000070a000000, size: 3936 MB, Compressed Oops mode: Zero based, Oop shift amount: 3

CDS archive(s) mapped at: [0x0000013a00000000-0x0000013a00c50000-0x0000013a00c50000), size 12910592, SharedBaseAddress: 0x0000013a00000000, ArchiveRelocationMode: 1.
Compressed class space mapped at: 0x0000013a01000000-0x0000013a41000000, reserved size: 1073741824
Narrow klass base: 0x0000013a00000000, Narrow klass shift: 0, Narrow klass range: 0x41000000

GC Precious Log:
 CardTable entry size: 512
 Card Set container configuration: InlinePtr #cards 4 size 8 Array Of Cards #cards 16 size 48 Howl #buckets 8 coarsen threshold 3686 Howl Bitmap #cards 512 size 80 coarsen threshold 460 Card regions per heap region 1 cards per card region 4096
 CPUs: 8 total, 8 available
 Memory: 15741M
 Large Page Support: Disabled
 NUMA Support: Disabled
 Compressed Oops: Enabled (Zero based)
 Heap Region Size: 2M
 Heap Min Capacity: 8M
 Heap Initial Capacity: 246M
 Heap Max Capacity: 3936M
 Pre-touch: Disabled
 Parallel Workers: 8
 Concurrent Workers: 2
 Concurrent Refinement Workers: 8
 Periodic GC: Disabled

Heap:
 garbage-first heap   total reserved 4030464K, committed 49152K, used 33130K [0x000000070a000000, 0x0000000800000000)
  region size 2048K, 10 young (20480K), 2 survivors (4096K)
 Metaspace       used 32534K, committed 33152K, reserved 1114112K
  class space    used 4509K, committed 4800K, reserved 1048576K

Heap Regions: E=young(eden), S=young(survivor), O=old, HS=humongous(starts), HC=humongous(continues), CS=collection set, F=free, TAMS=top-at-mark-start, PB=parsable bottom
|   0|0x000000070a000000, 0x000000070a200000, 0x000000070a200000|100%| O|  |TAMS 0x000000070a000000| PB 0x000000070a000000| Untracked |  0
|   1|0x000000070a200000, 0x000000070a400000, 0x000000070a400000|100%| O|  |TAMS 0x000000070a200000| PB 0x000000070a200000| Untracked |  0
|   2|0x000000070a400000, 0x000000070a600000, 0x000000070a600000|100%| O|  |TAMS 0x000000070a400000| PB 0x000000070a400000| Untracked |  0
|   3|0x000000070a600000, 0x000000070a65abf0, 0x000000070a800000| 17%| O|  |TAMS 0x000000070a600000| PB 0x000000070a600000| Untracked |  0
|   4|0x000000070a800000, 0x000000070aa00000, 0x000000070aa00000|100%| O|  |TAMS 0x000000070a800000| PB 0x000000070a800000| Untracked |  0
|   5|0x000000070aa00000, 0x000000070ac00000, 0x000000070ac00000|100%| O|  |TAMS 0x000000070aa00000| PB 0x000000070aa00000| Untracked |  0
|   6|0x000000070ac00000, 0x000000070ae00000, 0x000000070ae00000|100%| O|  |TAMS 0x000000070ac00000| PB 0x000000070ac00000| Untracked |  0
|   7|0x000000070ae00000, 0x000000070b000000, 0x000000070b000000|100%| O|  |TAMS 0x000000070ae00000| PB 0x000000070ae00000| Untracked |  0
|   8|0x000000070b000000, 0x000000070b000000, 0x000000070b200000|  0%| F|  |TAMS 0x000000070b000000| PB 0x000000070b000000| Untracked |  0
|   9|0x000000070b200000, 0x000000070b200000, 0x000000070b400000|  0%| F|  |TAMS 0x000000070b200000| PB 0x000000070b200000| Untracked |  0
|  10|0x000000070b400000, 0x000000070b600000, 0x000000070b600000|100%| S|CS|TAMS 0x000000070b400000| PB 0x000000070b400000| Complete |  0
|  11|0x000000070b600000, 0x000000070b800000, 0x000000070b800000|100%| S|CS|TAMS 0x000000070b600000| PB 0x000000070b600000| Complete |  0
|  12|0x000000070b800000, 0x000000070b800000, 0x000000070ba00000|  0%| F|  |TAMS 0x000000070b800000| PB 0x000000070b800000| Untracked |  0
|  13|0x000000070ba00000, 0x000000070ba00000, 0x000000070bc00000|  0%| F|  |TAMS 0x000000070ba00000| PB 0x000000070ba00000| Untracked |  0
|  14|0x000000070bc00000, 0x000000070bc00000, 0x000000070be00000|  0%| F|  |TAMS 0x000000070bc00000| PB 0x000000070bc00000| Untracked |  0
|  15|0x000000070be00000, 0x000000070be00000, 0x000000070c000000|  0%| F|  |TAMS 0x000000070be00000| PB 0x000000070be00000| Untracked |  0
|  16|0x000000070c000000, 0x000000070c1e9f38, 0x000000070c200000| 95%| E|  |TAMS 0x000000070c000000| PB 0x000000070c000000| Complete |  0
|  17|0x000000070c200000, 0x000000070c400000, 0x000000070c400000|100%| E|CS|TAMS 0x000000070c200000| PB 0x000000070c200000| Complete |  0
|  18|0x000000070c400000, 0x000000070c600000, 0x000000070c600000|100%| E|CS|TAMS 0x000000070c400000| PB 0x000000070c400000| Complete |  0
| 101|0x0000000716a00000, 0x0000000716c00000, 0x0000000716c00000|100%| E|CS|TAMS 0x0000000716a00000| PB 0x0000000716a00000| Complete |  0
| 102|0x0000000716c00000, 0x0000000716e00000, 0x0000000716e00000|100%| E|CS|TAMS 0x0000000716c00000| PB 0x0000000716c00000| Complete |  0
| 103|0x0000000716e00000, 0x0000000717000000, 0x0000000717000000|100%| E|CS|TAMS 0x0000000716e00000| PB 0x0000000716e00000| Complete |  0
| 121|0x0000000719200000, 0x0000000719400000, 0x0000000719400000|100%| E|CS|TAMS 0x0000000719200000| PB 0x0000000719200000| Complete |  0
| 122|0x0000000719400000, 0x0000000719600000, 0x0000000719600000|100%| E|CS|TAMS 0x0000000719400000| PB 0x0000000719400000| Complete |  0

Card table byte_map: [0x0000013a60910000,0x0000013a610c0000] _byte_map_base: 0x0000013a5d0c0000

Marking Bits: (CMBitMap*) 0x0000013a52dd7750
 Bits: [0x0000013a610c0000, 0x0000013a64e40000)

Polling page: 0x0000013a5c860000

Metaspace:

Usage:
  Non-class:     27.37 MB used.
      Class:      4.40 MB used.
       Both:     31.77 MB used.

Virtual space:
  Non-class space:       64.00 MB reserved,      27.69 MB ( 43%) committed,  1 nodes.
      Class space:        1.00 GB reserved,       4.69 MB ( <1%) committed,  1 nodes.
             Both:        1.06 GB reserved,      32.38 MB (  3%) committed. 

Chunk freelists:
   Non-Class:  4.05 MB
       Class:  11.16 MB
        Both:  15.20 MB

MaxMetaspaceSize: unlimited
CompressedClassSpaceSize: 1.00 GB
Initial GC threshold: 21.00 MB
Current GC threshold: 35.12 MB
CDS: on
 - commit_granule_bytes: 65536.
 - commit_granule_words: 8192.
 - virtual_space_node_default_size: 8388608.
 - enlarge_chunks_in_place: 1.
 - use_allocation_guard: 0.


Internal statistics:

num_allocs_failed_limit: 3.
num_arena_births: 746.
num_arena_deaths: 0.
num_vsnodes_births: 2.
num_vsnodes_deaths: 0.
num_space_committed: 518.
num_space_uncommitted: 0.
num_chunks_returned_to_freelist: 3.
num_chunks_taken_from_freelist: 1847.
num_chunk_merges: 3.
num_chunk_splits: 1260.
num_chunks_enlarged: 904.
num_inconsistent_stats: 0.

CodeCache: size=49152Kb used=9636Kb max_used=9636Kb free=39515Kb
 bounds [0x0000013a5c880000, 0x0000013a5d1f0000, 0x0000013a5f880000]
 total_blobs=4838 nmethods=4276 adapters=482
 compilation: enabled
              stopped_count=0, restarted_count=0
 full_count=0

Compilation events (20 events):
Event: 5.627 Thread 0x0000013a45706830 4265       1       java.io.ObjectStreamClass::getFields (22 bytes)
Event: 5.627 Thread 0x0000013a67901ed0 nmethod 4264 0x0000013a5d1e2290 code [0x0000013a5d1e2440, 0x0000013a5d1e2648]
Event: 5.627 Thread 0x0000013a45706830 nmethod 4265 0x0000013a5d1e2790 code [0x0000013a5d1e2940, 0x0000013a5d1e2aa8]
Event: 5.628 Thread 0x0000013a45709990 nmethod 4263 0x0000013a5d1e2b90 code [0x0000013a5d1e2dc0, 0x0000013a5d1e34c8]
Event: 5.629 Thread 0x0000013a67901ed0 4266   !   1       jdk.internal.reflect.DirectMethodHandleAccessor::invoke (92 bytes)
Event: 5.629 Thread 0x0000013a45709990 4267       1       jdk.internal.reflect.DirectMethodHandleAccessor::isStatic (20 bytes)
Event: 5.629 Thread 0x0000013a45706830 4268       1       jdk.internal.reflect.DirectMethodHandleAccessor::checkArgumentCount (53 bytes)
Event: 5.629 Thread 0x0000013a45709990 nmethod 4267 0x0000013a5d1e3990 code [0x0000013a5d1e3b20, 0x0000013a5d1e3c00]
Event: 5.629 Thread 0x0000013a451d3e80 4269       1       jdk.internal.reflect.DirectMethodHandleAccessor::invokeImpl (108 bytes)
Event: 5.629 Thread 0x0000013a45706830 nmethod 4268 0x0000013a5d1e3c90 code [0x0000013a5d1e3ea0, 0x0000013a5d1e41f0]
Event: 5.630 Thread 0x0000013a451d3e80 nmethod 4269 0x0000013a5d1e4410 code [0x0000013a5d1e46c0, 0x0000013a5d1e4d30]
Event: 5.631 Thread 0x0000013a67901ed0 nmethod 4266 0x0000013a5d1e5310 code [0x0000013a5d1e5680, 0x0000013a5d1e61c0]
Event: 5.785 Thread 0x0000013a451d3e80 4270       1       java.lang.Object::<init> (1 bytes)
Event: 5.785 Thread 0x0000013a451d3e80 nmethod 4270 0x0000013a5d1e7110 code [0x0000013a5d1e72a0, 0x0000013a5d1e7378]
Event: 5.860 Thread 0x0000013a451d3e80 4271       1       jdk.internal.loader.URLClassPath$1::next (59 bytes)
Event: 5.861 Thread 0x0000013a451d3e80 nmethod 4271 0x0000013a5d1e7410 code [0x0000013a5d1e75e0, 0x0000013a5d1e7828]
Event: 5.941 Thread 0x0000013a67901ed0 4272       1       jdk.internal.loader.BuiltinClassLoader$1::hasNext (93 bytes)
Event: 5.941 Thread 0x0000013a67901ed0 nmethod 4272 0x0000013a5d1e7910 code [0x0000013a5d1e7b00, 0x0000013a5d1e7f08]
Event: 5.943 Thread 0x0000013a45706830 4273       1       jdk.internal.loader.BuiltinClassLoader$1::hasMoreElements (5 bytes)
Event: 5.943 Thread 0x0000013a45706830 nmethod 4273 0x0000013a5d1e8090 code [0x0000013a5d1e8220, 0x0000013a5d1e8300]

GC Heap History (12 events):
Event: 1.151 GC heap before
{Heap before GC invocations=0 (full 0):
 garbage-first heap   total reserved 4030464K, committed 251904K, used 22528K [0x000000070a000000, 0x0000000800000000)
  region size 2048K, 12 young (24576K), 0 survivors (0K)
 Metaspace       used 6747K, committed 7040K, reserved 1114112K
  class space    used 839K, committed 960K, reserved 1048576K
}
Event: 1.158 GC heap after
{Heap after GC invocations=1 (full 0):
 garbage-first heap   total reserved 4030464K, committed 251904K, used 7946K [0x000000070a000000, 0x0000000800000000)
  region size 2048K, 2 young (4096K), 2 survivors (4096K)
 Metaspace       used 6747K, committed 7040K, reserved 1114112K
  class space    used 839K, committed 960K, reserved 1048576K
}
Event: 2.084 GC heap before
{Heap before GC invocations=1 (full 0):
 garbage-first heap   total reserved 4030464K, committed 251904K, used 36618K [0x000000070a000000, 0x0000000800000000)
  region size 2048K, 17 young (34816K), 2 survivors (4096K)
 Metaspace       used 15325K, committed 15680K, reserved 1114112K
  class space    used 2017K, committed 2176K, reserved 1048576K
}
Event: 2.093 GC heap after
{Heap after GC invocations=2 (full 0):
 garbage-first heap   total reserved 4030464K, committed 251904K, used 10064K [0x000000070a000000, 0x0000000800000000)
  region size 2048K, 2 young (4096K), 2 survivors (4096K)
 Metaspace       used 15325K, committed 15680K, reserved 1114112K
  class space    used 2017K, committed 2176K, reserved 1048576K
}
Event: 2.877 GC heap before
{Heap before GC invocations=2 (full 0):
 garbage-first heap   total reserved 4030464K, committed 251904K, used 42832K [0x000000070a000000, 0x0000000800000000)
  region size 2048K, 19 young (38912K), 2 survivors (4096K)
 Metaspace       used 20991K, committed 21376K, reserved 1114112K
  class space    used 2791K, committed 2944K, reserved 1048576K
}
Event: 2.887 GC heap after
{Heap after GC invocations=3 (full 0):
 garbage-first heap   total reserved 4030464K, committed 251904K, used 13502K [0x000000070a000000, 0x0000000800000000)
  region size 2048K, 3 young (6144K), 3 survivors (6144K)
 Metaspace       used 20991K, committed 21376K, reserved 1114112K
  class space    used 2791K, committed 2944K, reserved 1048576K
}
Event: 3.741 GC heap before
{Heap before GC invocations=4 (full 0):
 garbage-first heap   total reserved 4030464K, committed 49152K, used 36030K [0x000000070a000000, 0x0000000800000000)
  region size 2048K, 14 young (28672K), 3 survivors (6144K)
 Metaspace       used 22898K, committed 23296K, reserved 1114112K
  class space    used 3088K, committed 3264K, reserved 1048576K
}
Event: 3.751 GC heap after
{Heap after GC invocations=5 (full 0):
 garbage-first heap   total reserved 4030464K, committed 49152K, used 14885K [0x000000070a000000, 0x0000000800000000)
  region size 2048K, 1 young (2048K), 1 survivors (2048K)
 Metaspace       used 22898K, committed 23296K, reserved 1114112K
  class space    used 3088K, committed 3264K, reserved 1048576K
}
Event: 4.578 GC heap before
{Heap before GC invocations=5 (full 0):
 garbage-first heap   total reserved 4030464K, committed 49152K, used 33317K [0x000000070a000000, 0x0000000800000000)
  region size 2048K, 11 young (22528K), 1 survivors (2048K)
 Metaspace       used 25904K, committed 26368K, reserved 1114112K
  class space    used 3565K, committed 3776K, reserved 1048576K
}
Event: 4.591 GC heap after
{Heap after GC invocations=6 (full 0):
 garbage-first heap   total reserved 4030464K, committed 49152K, used 16543K [0x000000070a000000, 0x0000000800000000)
  region size 2048K, 2 young (4096K), 2 survivors (4096K)
 Metaspace       used 25904K, committed 26368K, reserved 1114112K
  class space    used 3565K, committed 3776K, reserved 1048576K
}
Event: 5.080 GC heap before
{Heap before GC invocations=6 (full 0):
 garbage-first heap   total reserved 4030464K, committed 49152K, used 34975K [0x000000070a000000, 0x0000000800000000)
  region size 2048K, 12 young (24576K), 2 survivors (4096K)
 Metaspace       used 29568K, committed 30144K, reserved 1114112K
  class space    used 4100K, committed 4352K, reserved 1048576K
}
Event: 5.089 GC heap after
{Heap after GC invocations=7 (full 0):
 garbage-first heap   total reserved 4030464K, committed 49152K, used 18794K [0x000000070a000000, 0x0000000800000000)
  region size 2048K, 2 young (4096K), 2 survivors (4096K)
 Metaspace       used 29568K, committed 30144K, reserved 1114112K
  class space    used 4100K, committed 4352K, reserved 1048576K
}

Dll operation events (12 events):
Event: 0.012 Loaded shared library C:\Users\savel\.jdks\openjdk-22.0.1\bin\java.dll
Event: 0.197 Loaded shared library C:\Users\savel\.jdks\openjdk-22.0.1\bin\zip.dll
Event: 0.201 Loaded shared library C:\Users\savel\.jdks\openjdk-22.0.1\bin\instrument.dll
Event: 0.206 Loaded shared library C:\Users\savel\.jdks\openjdk-22.0.1\bin\net.dll
Event: 0.209 Loaded shared library C:\Users\savel\.jdks\openjdk-22.0.1\bin\nio.dll
Event: 0.212 Loaded shared library C:\Users\savel\.jdks\openjdk-22.0.1\bin\zip.dll
Event: 0.375 Loaded shared library C:\Users\savel\AppData\Local\Programs\IntelliJ IDEA Ultimate\bin\breakgen64.dll
Event: 0.383 Loaded shared library C:\Users\savel\.jdks\openjdk-22.0.1\bin\jimage.dll
Event: 0.391 Loaded shared library C:\Users\savel\.jdks\openjdk-22.0.1\bin\extnet.dll
Event: 0.410 Loaded shared library C:\Users\savel\.jdks\openjdk-22.0.1\bin\management.dll
Event: 0.423 Loaded shared library C:\Users\savel\.jdks\openjdk-22.0.1\bin\management_ext.dll
Event: 2.579 Loaded shared library C:\Users\savel\.jdks\openjdk-22.0.1\bin\sunmscapi.dll

Deoptimization events (0 events):
No events

Classes loaded (20 events):
Event: 5.136 Loading class java/security/interfaces/ECPublicKey
Event: 5.136 Loading class java/security/interfaces/ECKey
Event: 5.136 Loading class java/security/interfaces/ECKey done
Event: 5.136 Loading class java/security/interfaces/ECPublicKey done
Event: 5.136 Loading class java/security/interfaces/ECPrivateKey
Event: 5.136 Loading class java/security/interfaces/ECPrivateKey done
Event: 5.144 Loading class java/lang/invoke/DirectMethodHandle$Special
Event: 5.144 Loading class java/lang/invoke/DirectMethodHandle$Special done
Event: 5.213 Loading class java/lang/SafeVarargs
Event: 5.213 Loading class java/lang/SafeVarargs done
Event: 5.215 Loading class sun/reflect/generics/reflectiveObjects/GenericArrayTypeImpl
Event: 5.215 Loading class sun/reflect/generics/reflectiveObjects/GenericArrayTypeImpl done
Event: 5.242 Loading class java/lang/ExceptionInInitializerError
Event: 5.243 Loading class java/lang/ExceptionInInitializerError done
Event: 5.309 Loading class javax/naming/Referenceable
Event: 5.309 Loading class javax/naming/Referenceable done
Event: 5.356 Loading class java/lang/instrument/ClassFileTransformer
Event: 5.356 Loading class java/lang/instrument/ClassFileTransformer done
Event: 5.897 Loading class jdk/internal/vm/annotation/IntrinsicCandidate
Event: 5.897 Loading class jdk/internal/vm/annotation/IntrinsicCandidate done

Classes unloaded (0 events):
No events

Classes redefined (0 events):
No events

Internal exceptions (20 events):
Event: 4.675 Thread 0x0000013a52d72dc0 Exception <a 'java/lang/NoSuchMethodError'{0x00000007192e5a20}: 'java.lang.Object java.lang.invoke.DirectMethodHandle$Holder.invokeSpecialIFC(java.lang.Object, java.lang.Object, java.lang.Object)'> (0x00000007192e5a20) 
thrown [s\open\src\hotspot\share\interpreter\linkResolver.cpp, line 774]
Event: 4.688 Thread 0x0000013a52d72dc0 Exception <a 'java/lang/NoSuchMethodError'{0x0000000719331768}: 'java.lang.Object java.lang.invoke.DirectMethodHandle$Holder.invokeVirtual(java.lang.Object, java.lang.Object, java.lang.Object, java.lang.Object, java.lang.Object)'> (0x0000000719331768) 
thrown [s\open\src\hotspot\share\interpreter\linkResolver.cpp, line 774]
Event: 4.758 Thread 0x0000013a52d72dc0 Exception <a 'java/lang/NoSuchMethodError'{0x0000000716fd8118}: 'java.lang.reflect.Field[] java.lang.Class.getDeclaredFields(java.lang.Class)'> (0x0000000716fd8118) 
thrown [s\open\src\hotspot\share\interpreter\linkResolver.cpp, line 774]
Event: 4.774 Thread 0x0000013a52d72dc0 Exception <a 'java/lang/NoSuchMethodError'{0x0000000716c8cfa0}: 'java.lang.Object java.lang.invoke.DirectMethodHandle$Holder.invokeVirtual(java.lang.Object, java.lang.Object, java.lang.Object, java.lang.Object, java.lang.Object, java.lang.Object)'> (0x0000000716c8cfa0) 
thrown [s\open\src\hotspot\share\interpreter\linkResolver.cpp, line 774]
Event: 4.811 Thread 0x0000013a52d72dc0 Exception <a 'java/lang/NoSuchMethodError'{0x0000000716da5788}: 'void java.lang.invoke.DirectMethodHandle$Holder.invokeInterface(java.lang.Object, java.lang.Object, int)'> (0x0000000716da5788) 
thrown [s\open\src\hotspot\share\interpreter\linkResolver.cpp, line 774]
Event: 4.815 Thread 0x0000013a52d72dc0 Exception <a 'java/lang/IncompatibleClassChangeError'{0x0000000716de8d38}: Found class java.lang.Object, but interface was expected> (0x0000000716de8d38) 
thrown [s\open\src\hotspot\share\interpreter\linkResolver.cpp, line 841]
Event: 4.818 Thread 0x0000013a52d72dc0 Exception <a 'java/lang/NoSuchMethodError'{0x0000000716a071b8}: 'void java.lang.invoke.DirectMethodHandle$Holder.invokeStatic(java.lang.Object, int, java.lang.Object)'> (0x0000000716a071b8) 
thrown [s\open\src\hotspot\share\interpreter\linkResolver.cpp, line 774]
Event: 4.823 Thread 0x0000013a52d72dc0 Exception <a 'java/lang/NoSuchMethodError'{0x0000000716a3e0b8}: 'void java.lang.invoke.DirectMethodHandle$Holder.invokeStatic(java.lang.Object, java.lang.Object, java.lang.Object, int, java.lang.Object)'> (0x0000000716a3e0b8) 
thrown [s\open\src\hotspot\share\interpreter\linkResolver.cpp, line 774]
Event: 4.824 Thread 0x0000013a52d72dc0 Exception <a 'java/lang/NoSuchMethodError'{0x0000000716a44a38}: 'java.lang.Object java.lang.invoke.DirectMethodHandle$Holder.newInvokeSpecial(java.lang.Object, java.lang.Object, java.lang.Object, int)'> (0x0000000716a44a38) 
thrown [s\open\src\hotspot\share\interpreter\linkResolver.cpp, line 774]
Event: 4.824 Thread 0x0000013a52d72dc0 Exception <a 'java/lang/NoSuchMethodError'{0x0000000716a48978}: 'java.lang.Object java.lang.invoke.DirectMethodHandle$Holder.invokeSpecial(java.lang.Object, java.lang.Object, java.lang.Object, java.lang.Object, int)'> (0x0000000716a48978) 
thrown [s\open\src\hotspot\share\interpreter\linkResolver.cpp, line 774]
Event: 4.824 Thread 0x0000013a52d72dc0 Exception <a 'java/lang/NoSuchMethodError'{0x0000000716a4be10}: 'java.lang.Object java.lang.invoke.Invokers$Holder.linkToTargetMethod(java.lang.Object, java.lang.Object, int, java.lang.Object)'> (0x0000000716a4be10) 
thrown [s\open\src\hotspot\share\interpreter\linkResolver.cpp, line 774]
Event: 4.983 Thread 0x0000013a52d72dc0 Exception <a 'java/lang/NoSuchMethodError'{0x000000070c1ef6b0}: 'int java.lang.invoke.DirectMethodHandle$Holder.invokeVirtual(java.lang.Object, java.lang.Object, java.lang.Object, java.lang.Object)'> (0x000000070c1ef6b0) 
thrown [s\open\src\hotspot\share\interpreter\linkResolver.cpp, line 774]
Event: 4.984 Thread 0x0000013a52d72dc0 Exception <a 'java/lang/NoSuchMethodError'{0x000000070c1f3198}: 'int java.lang.invoke.DelegatingMethodHandle$Holder.reinvoke_L(java.lang.Object, java.lang.Object, java.lang.Object, java.lang.Object)'> (0x000000070c1f3198) 
thrown [s\open\src\hotspot\share\interpreter\linkResolver.cpp, line 774]
Event: 5.040 Thread 0x0000013a52d72dc0 Exception <a 'java/io/FileNotFoundException'{0x000000070bc27208}> (0x000000070bc27208) 
thrown [s\open\src\hotspot\share\prims\jni.cpp, line 520]
Event: 5.075 Thread 0x0000013a52d72dc0 Exception <a 'java/lang/NoSuchMethodError'{0x000000070bdcb6c8}: 'int java.lang.invoke.DirectMethodHandle$Holder.invokeInterface(java.lang.Object, java.lang.Object, java.lang.Object, java.lang.Object)'> (0x000000070bdcb6c8) 
thrown [s\open\src\hotspot\share\interpreter\linkResolver.cpp, line 774]
Event: 5.108 Thread 0x0000013a52d72dc0 Exception <a 'java/lang/NoSuchMethodError'{0x000000071949bbf0}: 'void java.lang.invoke.Invokers$Holder.invokeExact_MT(java.lang.Object, java.lang.Object, java.lang.Object, java.lang.Object)'> (0x000000071949bbf0) 
thrown [s\open\src\hotspot\share\interpreter\linkResolver.cpp, line 774]
Event: 5.145 Thread 0x0000013a52d72dc0 Exception <a 'java/lang/NoSuchMethodError'{0x000000071958a0c8}: 'int java.lang.invoke.DirectMethodHandle$Holder.invokeStatic(java.lang.Object, java.lang.Object, java.lang.Object, java.lang.Object, java.lang.Object)'> (0x000000071958a0c8) 
thrown [s\open\src\hotspot\share\interpreter\linkResolver.cpp, line 774]
Event: 5.147 Thread 0x0000013a52d72dc0 Exception <a 'java/lang/NoSuchMethodError'{0x000000071959adb8}: 'java.lang.Object java.lang.invoke.DirectMethodHandle$Holder.newInvokeSpecial(java.lang.Object, java.lang.Object, long)'> (0x000000071959adb8) 
thrown [s\open\src\hotspot\share\interpreter\linkResolver.cpp, line 774]
Event: 5.284 Thread 0x0000013a52d72dc0 Exception <a 'java/lang/NoSuchMethodError'{0x0000000716d980a8}: 'java.lang.Object java.lang.invoke.DirectMethodHandle$Holder.newInvokeSpecial(java.lang.Object, java.lang.Object, java.lang.Object, java.lang.Object, java.lang.Object, java.lang.Object, java.lang.Object, java.lang.Object, java.lang.Object, java.lang.Object, java.lang.Object)'> (0x0000000716d980a8) 
thrown [s\open\src\hotspot\share\interpreter\linkResolver.cpp, line 774]
Event: 5.423 Thread 0x0000013a52d72dc0 Exception <a 'java/lang/NoSuchMethodError'{0x000000070c4ba920}: 'void java.lang.invoke.DelegatingMethodHandle$Holder.reinvoke_L(java.lang.Object, java.lang.Object, java.lang.Object, java.lang.Object, int, java.lang.Object, java.lang.Object, java.lang.Object)'> (0x000000070c4ba920) 
thrown [s\open\src\hotspot\share\interpreter\linkResolver.cpp, line 774]

ZGC Phase Switch (0 events):
No events

VM Operations (20 events):
Event: 4.578 Executing VM operation: G1CollectForAllocation (G1 Evacuation Pause)
Event: 4.591 Executing VM operation: G1CollectForAllocation (G1 Evacuation Pause) done
Event: 4.597 Executing VM operation: HandshakeAllThreads (Deoptimize)
Event: 4.597 Executing VM operation: HandshakeAllThreads (Deoptimize) done
Event: 4.878 Executing VM operation: HandshakeAllThreads (Deoptimize)
Event: 4.878 Executing VM operation: HandshakeAllThreads (Deoptimize) done
Event: 4.973 Executing VM operation: HandshakeAllThreads (Deoptimize)
Event: 4.973 Executing VM operation: HandshakeAllThreads (Deoptimize) done
Event: 4.974 Executing VM operation: HandshakeAllThreads (Deoptimize)
Event: 4.974 Executing VM operation: HandshakeAllThreads (Deoptimize) done
Event: 5.018 Executing VM operation: HandshakeAllThreads (Deoptimize)
Event: 5.018 Executing VM operation: HandshakeAllThreads (Deoptimize) done
Event: 5.033 Executing VM operation: HandshakeAllThreads (Deoptimize)
Event: 5.033 Executing VM operation: HandshakeAllThreads (Deoptimize) done
Event: 5.079 Executing VM operation: G1CollectForAllocation (G1 Evacuation Pause)
Event: 5.089 Executing VM operation: G1CollectForAllocation (G1 Evacuation Pause) done
Event: 5.278 Executing VM operation: HandshakeAllThreads (Deoptimize)
Event: 5.278 Executing VM operation: HandshakeAllThreads (Deoptimize) done
Event: 5.660 Executing VM operation: HandshakeAllThreads (Deoptimize)
Event: 5.775 Executing VM operation: HandshakeAllThreads (Deoptimize) done

Events (20 events):
Event: 1.898 Thread 0x0000013a463b4370 Thread added: 0x0000013a463b4370
Event: 1.909 Thread 0x0000013a4641b7b0 Thread added: 0x0000013a4641b7b0
Event: 1.956 Thread 0x0000013a4641b7b0 Thread exited: 0x0000013a4641b7b0
Event: 2.473 Thread 0x0000013a466ce3e0 Thread added: 0x0000013a466ce3e0
Event: 2.490 Thread 0x0000013a4657e3f0 Thread added: 0x0000013a4657e3f0
Event: 2.521 Thread 0x0000013a466ce3e0 Thread exited: 0x0000013a466ce3e0
Event: 2.571 Thread 0x0000013a4657e3f0 Thread exited: 0x0000013a4657e3f0
Event: 2.594 Thread 0x0000013a46330190 Thread exited: 0x0000013a46330190
Event: 3.005 Thread 0x0000013a46907fc0 Thread added: 0x0000013a46907fc0
Event: 3.103 Thread 0x0000013a46907fc0 Thread exited: 0x0000013a46907fc0
Event: 3.564 Thread 0x0000013a46ad6bc0 Thread added: 0x0000013a46ad6bc0
Event: 3.584 Thread 0x0000013a46ad6bc0 Thread exited: 0x0000013a46ad6bc0
Event: 4.084 Thread 0x0000013a46bd1dc0 Thread added: 0x0000013a46bd1dc0
Event: 4.093 Thread 0x0000013a46bd1dc0 Thread exited: 0x0000013a46bd1dc0
Event: 4.597 Thread 0x0000013a46d05780 Thread added: 0x0000013a46d05780
Event: 4.607 Thread 0x0000013a46d05780 Thread exited: 0x0000013a46d05780
Event: 5.110 Thread 0x0000013a46d71020 Thread added: 0x0000013a46d71020
Event: 5.118 Thread 0x0000013a46d71020 Thread exited: 0x0000013a46d71020
Event: 5.620 Thread 0x0000013a4703cad0 Thread added: 0x0000013a4703cad0
Event: 5.765 Thread 0x0000013a4703cad0 Thread exited: 0x0000013a4703cad0


Dynamic libraries:
0x00007ff7e8fe0000 - 0x00007ff7e8fee000 	C:\Users\savel\.jdks\openjdk-22.0.1\bin\java.exe
0x00007ffef81b0000 - 0x00007ffef83a8000 	C:\Windows\SYSTEM32\ntdll.dll
0x00007ffef7340000 - 0x00007ffef7401000 	C:\Windows\System32\KERNEL32.DLL
0x00007ffef5860000 - 0x00007ffef5b5d000 	C:\Windows\System32\KERNELBASE.dll
0x00007ffef5cc0000 - 0x00007ffef5dc0000 	C:\Windows\System32\ucrtbase.dll
0x00007ffef0d90000 - 0x00007ffef0da7000 	C:\Users\savel\.jdks\openjdk-22.0.1\bin\jli.dll
0x00007ffef3690000 - 0x00007ffef36ab000 	C:\Users\savel\.jdks\openjdk-22.0.1\bin\VCRUNTIME140.dll
0x00007ffef74a0000 - 0x00007ffef763d000 	C:\Windows\System32\USER32.dll
0x00007ffef5b60000 - 0x00007ffef5b82000 	C:\Windows\System32\win32u.dll
0x00007ffef6c60000 - 0x00007ffef6c8b000 	C:\Windows\System32\GDI32.dll
0x00007ffedba90000 - 0x00007ffedbd2a000 	C:\Windows\WinSxS\amd64_microsoft.windows.common-controls_6595b64144ccf1df_6.0.19041.4355_none_60b8b9eb71f62e16\COMCTL32.dll
0x00007ffef5dc0000 - 0x00007ffef5ed7000 	C:\Windows\System32\gdi32full.dll
0x00007ffef77f0000 - 0x00007ffef788e000 	C:\Windows\System32\msvcrt.dll
0x00007ffef5ee0000 - 0x00007ffef5f7d000 	C:\Windows\System32\msvcp_win.dll
0x00007ffef6ed0000 - 0x00007ffef6eff000 	C:\Windows\System32\IMM32.DLL
0x00007ffef3840000 - 0x00007ffef384c000 	C:\Users\savel\.jdks\openjdk-22.0.1\bin\vcruntime140_1.dll
0x00007ffed4520000 - 0x00007ffed45ae000 	C:\Users\savel\.jdks\openjdk-22.0.1\bin\msvcp140.dll
0x00007ffebdb80000 - 0x00007ffebe8c7000 	C:\Users\savel\.jdks\openjdk-22.0.1\bin\server\jvm.dll
0x00007ffef6c90000 - 0x00007ffef6d40000 	C:\Windows\System32\ADVAPI32.dll
0x00007ffef76a0000 - 0x00007ffef7740000 	C:\Windows\System32\sechost.dll
0x00007ffef6da0000 - 0x00007ffef6ec3000 	C:\Windows\System32\RPCRT4.dll
0x00007ffef5be0000 - 0x00007ffef5c07000 	C:\Windows\System32\bcrypt.dll
0x00007ffef72d0000 - 0x00007ffef733b000 	C:\Windows\System32\WS2_32.dll
0x00007ffef56c0000 - 0x00007ffef570b000 	C:\Windows\SYSTEM32\POWRPROF.dll
0x00007ffef3510000 - 0x00007ffef3537000 	C:\Windows\SYSTEM32\WINMM.dll
0x00007ffeead70000 - 0x00007ffeead7a000 	C:\Windows\SYSTEM32\VERSION.dll
0x00007ffef56a0000 - 0x00007ffef56b2000 	C:\Windows\SYSTEM32\UMPDC.dll
0x00007ffef4040000 - 0x00007ffef4052000 	C:\Windows\SYSTEM32\kernel.appcore.dll
0x00007ffef3680000 - 0x00007ffef368a000 	C:\Users\savel\.jdks\openjdk-22.0.1\bin\jimage.dll
0x00007ffef32e0000 - 0x00007ffef34c4000 	C:\Windows\SYSTEM32\DBGHELP.DLL
0x00007ffef34d0000 - 0x00007ffef3504000 	C:\Windows\SYSTEM32\dbgcore.DLL
0x00007ffef6150000 - 0x00007ffef61d2000 	C:\Windows\System32\bcryptPrimitives.dll
0x00007ffef1ba0000 - 0x00007ffef1baf000 	C:\Users\savel\.jdks\openjdk-22.0.1\bin\instrument.dll
0x00007ffef0d70000 - 0x00007ffef0d8e000 	C:\Users\savel\.jdks\openjdk-22.0.1\bin\java.dll
0x00007ffef79a0000 - 0x00007ffef810f000 	C:\Windows\System32\SHELL32.dll
0x00007ffef61e0000 - 0x00007ffef630b000 	C:\Windows\System32\ole32.dll
0x00007ffef68e0000 - 0x00007ffef6c33000 	C:\Windows\System32\combase.dll
0x00007ffef3870000 - 0x00007ffef4013000 	C:\Windows\SYSTEM32\windows.storage.dll
0x00007ffef51c0000 - 0x00007ffef51ee000 	C:\Windows\SYSTEM32\Wldp.dll
0x00007ffef6390000 - 0x00007ffef645d000 	C:\Windows\System32\OLEAUT32.dll
0x00007ffef7740000 - 0x00007ffef77ed000 	C:\Windows\System32\SHCORE.dll
0x00007ffef6d40000 - 0x00007ffef6d95000 	C:\Windows\System32\shlwapi.dll
0x00007ffef5790000 - 0x00007ffef57b4000 	C:\Windows\SYSTEM32\profapi.dll
0x00007ffeefca0000 - 0x00007ffeefcb7000 	C:\Users\savel\.jdks\openjdk-22.0.1\bin\zip.dll
0x00007ffef35f0000 - 0x00007ffef3600000 	C:\Users\savel\.jdks\openjdk-22.0.1\bin\net.dll
0x00007ffef4f20000 - 0x00007ffef4f8a000 	C:\Windows\system32\mswsock.dll
0x00007ffef0cc0000 - 0x00007ffef0cd6000 	C:\Users\savel\.jdks\openjdk-22.0.1\bin\nio.dll
0x00007ffeef1b0000 - 0x00007ffeef1ca000 	C:\Users\savel\AppData\Local\Programs\IntelliJ IDEA Ultimate\bin\breakgen64.dll
0x00007ffef0d60000 - 0x00007ffef0d69000 	C:\Users\savel\.jdks\openjdk-22.0.1\bin\extnet.dll
0x00007ffef4c40000 - 0x00007ffef4d0a000 	C:\Windows\SYSTEM32\DNSAPI.dll
0x00007ffef4c00000 - 0x00007ffef4c3b000 	C:\Windows\SYSTEM32\IPHLPAPI.DLL
0x00007ffef72b0000 - 0x00007ffef72b8000 	C:\Windows\System32\NSI.dll
0x00007ffeeea90000 - 0x00007ffeeea9a000 	C:\Windows\System32\rasadhlp.dll
0x00007ffeecf30000 - 0x00007ffeecfb0000 	C:\Windows\System32\fwpuclnt.dll
0x00007ffeef4e0000 - 0x00007ffeef4ea000 	C:\Users\savel\.jdks\openjdk-22.0.1\bin\management.dll
0x00007ffeef430000 - 0x00007ffeef43b000 	C:\Users\savel\.jdks\openjdk-22.0.1\bin\management_ext.dll
0x00007ffef72c0000 - 0x00007ffef72c8000 	C:\Windows\System32\PSAPI.DLL
0x00007ffef5110000 - 0x00007ffef5128000 	C:\Windows\SYSTEM32\CRYPTSP.dll
0x00007ffef4810000 - 0x00007ffef4844000 	C:\Windows\system32\rsaenh.dll
0x00007ffef5750000 - 0x00007ffef577e000 	C:\Windows\SYSTEM32\USERENV.dll
0x00007ffef5130000 - 0x00007ffef513c000 	C:\Windows\SYSTEM32\CRYPTBASE.dll
0x00007ffeef4c0000 - 0x00007ffeef4d7000 	C:\Windows\system32\napinsp.dll
0x00007ffeef440000 - 0x00007ffeef45b000 	C:\Windows\system32\pnrpnsp.dll
0x00007ffef1d60000 - 0x00007ffef1d75000 	C:\Windows\system32\wshbth.dll
0x00007ffef1930000 - 0x00007ffef194d000 	C:\Windows\system32\NLAapi.dll
0x00007ffeef3e0000 - 0x00007ffeef3f2000 	C:\Windows\System32\winrnr.dll
0x00007ffeed450000 - 0x00007ffeed45e000 	C:\Users\savel\.jdks\openjdk-22.0.1\bin\sunmscapi.dll
0x00007ffef5f80000 - 0x00007ffef60dc000 	C:\Windows\System32\CRYPT32.dll
0x00007ffef5230000 - 0x00007ffef5259000 	C:\Windows\SYSTEM32\ncrypt.dll
0x00007ffef51f0000 - 0x00007ffef522b000 	C:\Windows\SYSTEM32\NTASN1.dll

dbghelp: loaded successfully - version: 4.0.5 - missing functions: none
symbol engine: initialized successfully - sym options: 0x614 - pdb path: .;C:\Users\savel\.jdks\openjdk-22.0.1\bin;C:\Windows\SYSTEM32;C:\Windows\WinSxS\amd64_microsoft.windows.common-controls_6595b64144ccf1df_6.0.19041.4355_none_60b8b9eb71f62e16;C:\Users\savel\.jdks\openjdk-22.0.1\bin\server;C:\Users\savel\AppData\Local\Programs\IntelliJ IDEA Ultimate\bin

VM Arguments:
jvm_args: -XX:TieredStopAtLevel=1 -Dspring.output.ansi.enabled=always -Dcom.sun.management.jmxremote -Dspring.jmx.enabled=true -Dspring.liveBeansView.mbeanDomain -Dspring.application.admin.enabled=true -Dmanagement.endpoints.jmx.exposure.include=* -javaagent:C:\Users\savel\AppData\Local\Programs\IntelliJ IDEA Ultimate\lib\idea_rt.jar=58550:C:\Users\savel\AppData\Local\Programs\IntelliJ IDEA Ultimate\bin -Dfile.encoding=UTF-8 -Dsun.stdout.encoding=UTF-8 -Dsun.stderr.encoding=UTF-8 
java_command: fhv.team11.project.ems.Application
java_class_path (initial): C:\Users\savel\Desktop\project.ems\target\classes;C:\Users\savel\.m2\repository\org\springframework\boot\spring-boot-starter-data-jpa\3.3.4\spring-boot-starter-data-jpa-3.3.4.jar;C:\Users\savel\.m2\repository\org\springframework\boot\spring-boot-starter-aop\3.3.4\spring-boot-starter-aop-3.3.4.jar;C:\Users\savel\.m2\repository\org\aspectj\aspectjweaver\1.9.22.1\aspectjweaver-1.9.22.1.jar;C:\Users\savel\.m2\repository\org\springframework\boot\spring-boot-starter-jdbc\3.3.4\spring-boot-starter-jdbc-3.3.4.jar;C:\Users\savel\.m2\repository\com\zaxxer\HikariCP\5.1.0\HikariCP-5.1.0.jar;C:\Users\savel\.m2\repository\org\springframework\spring-jdbc\6.1.13\spring-jdbc-6.1.13.jar;C:\Users\savel\.m2\repository\org\hibernate\orm\hibernate-core\6.5.3.Final\hibernate-core-6.5.3.Final.jar;C:\Users\savel\.m2\repository\jakarta\persistence\jakarta.persistence-api\3.1.0\jakarta.persistence-api-3.1.0.jar;C:\Users\savel\.m2\repository\jakarta\transaction\jakarta.transaction-api\2.0.1\jakarta.transaction-api-2.0.1.jar;C:\Users\savel\.m2\repository\org\jboss\logging\jboss-logging\3.5.3.Final\jboss-logging-3.5.3.Final.jar;C:\Users\savel\.m2\repository\org\hibernate\common\hibernate-commons-annotations\6.0.6.Final\hibernate-commons-annotations-6.0.6.Final.jar;C:\Users\savel\.m2\repository\io\smallrye\jandex\3.1.2\jandex-3.1.2.jar;C:\Users\savel\.m2\repository\com\fasterxml\classmate\1.7.0\classmate-1.7.0.jar;C:\Users\savel\.m2\repository\net\bytebuddy\byte-buddy\1.14.19\byte-buddy-1.14.19.jar;C:\Users\savel\.m2\repository\org\glassfish\jaxb\jaxb-runtime\4.0.5\jaxb-runtime-4.0.5.jar;C:\Users\savel\.m2\repository\org\glassfish\jaxb\jaxb-core\4.0.5\jaxb-core-4.0.5.jar;C:\Users\savel\.m2\repository\org\eclipse\angus\angus-activation\2.0.2\angus-activation-2.0.2.jar;C:\Users\savel\.m2\repository\org\glassfish\jaxb\txw2\4.0.5\txw2-4.0.5.jar;C:\Users\savel\.m2\repository\com\sun\istack\istack-commons-runtime\4.1.2\istack-commons-runtime-4.1.2.jar;C:\Users\savel\.m2\repository\jakarta\inject\jakarta.inject-api\2.0.1\jakarta.inject-api-2.0.1.jar;C:\Users\savel\.m2\repository\org\antlr\antlr4-runtime\4.13.0\antlr4-runtime-4.13.0.jar;C:\Users\savel\.m2\repository\org\springframework\data\spring-data-jpa\3.3.4\spring-data-jpa-3.3.4.jar;C:\Users\savel\.m2\repository\org\springframework\data\spring-data-commons\3.3.4\spring-data-commons-3.3.4.jar;C:\Users\savel\.m2\repository\org\springframework\spring-orm\6.1.13\spring-orm-6.1.13.jar;C:\Users\savel\.m2\repository\org\springframework\spring-context\6.1.13\spring-context-6.1.13.jar;C:\Users\savel\.m2\repository\org\springframework\spring-tx\6.1.13\spring-tx-6.1.13.jar;C:\Users\savel\.m2\repository\org\springframework\spring-beans\6.1.13\spring-beans-6.1.13.jar;C:\Users\savel\.m2\repository\jakarta\annotation\jakarta.annotation-api\2.1.1\jakarta.annotation-api-2.1.1.jar;C:\Users\savel\.m2\repository\org\springframework\spring-aspects\6.1.13\spring-aspects-6.1.13.jar;C:\Users\savel\.m2\repository\org\springframework\boot\spring-boot-starter-security\3.3.4\spring-boot-starter-security-3.3.4.jar;C:\Users\savel\.m2\repository\org\springframework\boot\spring-boot-starter\3.3.4\spring-boot-starter-3.3.4.jar;C:\Users\savel\.m2\repository\org\springframework\boot\spring-boot\3.3.4\spring-boot-3.3.4.jar;C:\Users\savel\.m2\repository\org\springframework\boot\spring-boot-autoconfigure\3.3.4\spring-boot-autoconfigure-3.3.4.jar;C:\Users\savel\.m2\repository\org\springframework\boot\spring-boot-starter-logging\3.3.4\spring-boot-starter-logging-3.3.4.jar;C:\Users\savel\.m2\repository\ch\qos\logback\logback-classic\1.5.8\logback-classic-1.5.8.jar;C:\Users\savel\.m2\repository\ch\qos\logback\logback-core\1.5.8\logback-core-1.5.8.jar;C:\Users\savel\.m2\repository\org\apache\logging\log4j\log4j-to-slf4j\2.23.1\log4j-to-slf4j-2.23.1.jar;C:\Users\savel\.m2\repository\org\apache\logging\log4j\log4j-api\2.23.1\log4j-api-2.23.1.jar;C:\Users\savel\.m2\repository\org\slf4j\jul-to-slf4j\2.0.16\jul-to-slf4j-2.0.16.jar;C:\Users\savel\.m2\repository\org\yaml\snakeyaml\2.2\snakeyaml-2.2.jar;C:\Users\savel\.m2\repository\org\springframework\spring-aop\6.1.13\spring-aop-6.1.13.jar;C:\Users\savel\.m2\repository\org\springframework\security\spring-security-config\6.3.3\spring-security-config-6.3.3.jar;C:\Users\savel\.m2\repository\org\springframework\security\spring-security-web\6.3.3\spring-security-web-6.3.3.jar;C:\Users\savel\.m2\repository\org\springframework\spring-expression\6.1.13\spring-expression-6.1.13.jar;C:\Users\savel\.m2\repository\org\springframework\boot\spring-boot-starter-thymeleaf\3.3.4\spring-boot-starter-thymeleaf-3.3.4.jar;C:\Users\savel\.m2\repository\org\thymeleaf\thymeleaf-spring6\3.1.2.RELEASE\thymeleaf-spring6-3.1.2.RELEASE.jar;C:\Users\savel\.m2\repository\org\thymeleaf\thymeleaf\3.1.2.RELEASE\thymeleaf-3.1.2.RELEASE.jar;C:\Users\savel\.m2\repository\org\attoparser\attoparser\2.0.7.RELEASE\attoparser-2.0.7.RELEASE.jar;C:\Users\savel\.m2\repository\org\unbescape\unbescape\1.1.6.RELEASE\unbescape-1.1.6.RELEASE.jar;C:\Users\savel\.m2\repository\org\springframework\boot\spring-boot-starter-web\3.3.4\spring-boot-starter-web-3.3.4.jar;C:\Users\savel\.m2\repository\org\springframework\boot\spring-boot-starter-json\3.3.4\spring-boot-starter-json-3.3.4.jar;C:\Users\savel\.m2\repository\com\fasterxml\jackson\datatype\jackson-datatype-jdk8\2.17.2\jackson-datatype-jdk8-2.17.2.jar;C:\Users\savel\.m2\repository\com\fasterxml\jackson\datatype\jackson-datatype-jsr310\2.17.2\jackson-datatype-jsr310-2.17.2.jar;C:\Users\savel\.m2\repository\com\fasterxml\jackson\module\jackson-module-parameter-names\2.17.2\jackson-module-parameter-names-2.17.2.jar;C:\Users\savel\.m2\repository\org\springframework\boot\spring-boot-starter-tomcat\3.3.4\spring-boot-starter-tomcat-3.3.4.jar;C:\Users\savel\.m2\repository\org\apache\tomcat\embed\tomcat-embed-core\10.1.30\tomcat-embed-core-10.1.30.jar;C:\Users\savel\.m2\repository\org\apache\tomcat\embed\tomcat-embed-el\10.1.30\tomcat-embed-el-10.1.30.jar;C:\Users\savel\.m2\repository\org\apache\tomcat\embed\tomcat-embed-websocket\10.1.30\tomcat-embed-websocket-10.1.30.jar;C:\Users\savel\.m2\repository\org\springframework\spring-web\6.1.13\spring-web-6.1.13.jar;C:\Users\savel\.m2\repository\io\micrometer\micrometer-observation\1.13.4\micrometer-observation-1.13.4.jar;C:\Users\savel\.m2\repository\io\micrometer\micrometer-commons\1.13.4\micrometer-commons-1.13.4.jar;C:\Users\savel\.m2\repository\org\springframework\spring-webmvc\6.1.13\spring-webmvc-6.1.13.jar;C:\Users\savel\.m2\repository\org\springframework\session\spring-session-core\3.3.2\spring-session-core-3.3.2.jar;C:\Users\savel\.m2\repository\org\springframework\spring-jcl\6.1.13\spring-jcl-6.1.13.jar;C:\Users\savel\.m2\repository\org\thymeleaf\extras\thymeleaf-extras-springsecurity6\3.1.2.RELEASE\thymeleaf-extras-springsecurity6-3.1.2.RELEASE.jar;C:\Users\savel\.m2\repository\org\slf4j\slf4j-api\2.0.16\slf4j-api-2.0.16.jar;C:\Users\savel\.m2\repository\org\postgresql\postgresql\42.7.4\postgresql-42.7.4.jar;C:\Users\savel\.m2\repository\org\checkerframework\checker-qual\3.42.0\checker-qual-3.42.0.jar;C:\Users\savel\.m2\repository\org\projectlombok\lombok\1.18.34\lombok-1.18.34.jar;C:\Users\savel\.m2\repository\jakarta\xml\bind\jakarta.xml.bind-api\4.0.2\jakarta.xml.bind-api-4.0.2.jar;C:\Users\savel\.m2\repository\jakarta\activation\jakarta.activation-api\2.1.3\jakarta.activation-api-2.1.3.jar;C:\Users\savel\.m2\repository\org\springframework\spring-core\6.1.13\spring-core-6.1.13.jar;C:\Users\savel\.m2\repository\org\springframework\security\spring-security-core\6.3.3\spring-security-core-6.3.3.jar;C:\Users\savel\.m2\repository\org\springframework\security\spring-security-crypto\6.3.3\spring-security-crypto-6.3.3.jar;C:\Users\savel\.m2\repository\com\auth0\java-jwt\4.4.0\java-jwt-4.4.0.jar;C:\Users\savel\.m2\repository\com\fasterxml\jackson\core\jackson-databind\2.17.2\jackson-databind-2.17.2.jar;C:\Users\savel\.m2\repository\com\fasterxml\jackson\core\jackson-annotations\2.17.2\jackson-annotations-2.17.2.jar;C:\Users\savel\.m2\repository\com\fasterxml\jackson\core\jackson-core\2.17.2\jackson-core-2.17.2.jar
Launcher Type: SUN_STANDARD

[Global flags]
     intx CICompilerCount                          = 4                                         {product} {ergonomic}
     uint ConcGCThreads                            = 2                                         {product} {ergonomic}
     uint G1ConcRefinementThreads                  = 8                                         {product} {ergonomic}
   size_t G1HeapRegionSize                         = 2097152                                   {product} {ergonomic}
   size_t InitialHeapSize                          = 257949696                                 {product} {ergonomic}
     bool ManagementServer                         = true                                      {product} {command line}
   size_t MarkStackSize                            = 4194304                                   {product} {ergonomic}
   size_t MaxHeapSize                              = 4127195136                                {product} {ergonomic}
   size_t MaxNewSize                               = 2474639360                                {product} {ergonomic}
   size_t MinHeapDeltaBytes                        = 2097152                                   {product} {ergonomic}
   size_t MinHeapSize                              = 8388608                                   {product} {ergonomic}
    uintx NonNMethodCodeHeapSize                   = 4096                                   {pd product} {ergonomic}
    uintx NonProfiledCodeHeapSize                  = 0                                      {pd product} {ergonomic}
     bool ProfileInterpreter                       = false                                  {pd product} {command line}
    uintx ProfiledCodeHeapSize                     = 0                                      {pd product} {ergonomic}
   size_t SoftMaxHeapSize                          = 4127195136                             {manageable} {ergonomic}
     intx TieredStopAtLevel                        = 1                                         {product} {command line}
     bool UseCompressedOops                        = true                           {product lp64_product} {ergonomic}
     bool UseG1GC                                  = true                                      {product} {ergonomic}
     bool UseLargePagesIndividualAllocation        = false                                  {pd product} {ergonomic}

Logging:
Log output configuration:
 #0: stdout all=warning uptime,level,tags foldmultilines=false
 #1: stderr all=off uptime,level,tags foldmultilines=false

Environment Variables:
PATH=C:\Program Files\Common Files\Oracle\Java\javapath;C:\Program Files (x86)\Common Files\Oracle\Java\javapath;C:\ProgramData\Oracle\Java\javapath;C:\Program Files (x86)\NVIDIA Corporation\PhysX\Common;C:\Windows\system32;C:\Windows;C:\Windows\System32\Wbem;C:\Windows\System32\WindowsPowerShell\v1.0\;C:\Windows\System32\OpenSSH\;C:\Program Files (x86)\ZeroTier\One\;C:\Program Files\dotnet\;C:\Program Files\Docker\Docker\resources\bin;C:\Program Files\nodejs\;C:\Program Files\Git\cmd;C:\Users\savel\AppData\Local\Microsoft\WindowsApps;C:\Users\savel\AppData\Local\Programs\Microsoft VS Code\bin;C:\Users\savel\AppData\Local\GitHubDesktop\bin;C:\Users\savel\AppData\Local\gitkraken\bin;C:\Users\savel\AppData\Roaming\npm;C:\Users\savel\AppData\Local\JetBrains\Toolbox\scripts;
USERNAME=savel
OS=Windows_NT
PROCESSOR_IDENTIFIER=AMD64 Family 23 Model 96 Stepping 1, AuthenticAMD
TMP=C:\Users\savel\AppData\Local\Temp
TEMP=C:\Users\savel\AppData\Local\Temp




Periodic native trim disabled

---------------  S Y S T E M  ---------------

OS:
 Windows 10 , 64 bit Build 19041 (10.0.19041.4842)
OS uptime: 10 days 2:01 hours
Hyper-V role detected

CPU: total 8 (initial active 8) (8 cores per cpu, 1 threads per core) family 23 model 96 stepping 1 microcode 0x0, cx8, cmov, fxsr, mmx, 3dnowpref, sse, sse2, sse3, ssse3, sse4a, sse4.1, sse4.2, popcnt, lzcnt, tsc, tscinvbit, avx, avx2, aes, clmul, bmi1, bmi2, adx, sha, fma, vzeroupper, clflush, clflushopt, hv, rdtscp, rdpid, f16c
Processor Information for all 8 processors :
  Max Mhz: 2000, Current Mhz: 2000, Mhz Limit: 2000

Memory: 4k page, system-wide physical 15741M (2721M free)
TotalPageFile size 15741M (AvailPageFile size 3M)
current process WorkingSet (physical memory assigned to process): 143M, peak: 143M
current process commit charge ("private bytes"): 186M, peak: 368M

vm_info: OpenJDK 64-Bit Server VM (22.0.1+8-16) for windows-amd64 JRE (22.0.1+8-16), built on 2024-03-12T10:33:16Z by "mach5one" with MS VC++ 17.6 (VS2022)

END.
